"Step","sweet-sweep-3 - train/sampled_mean_reward","sweet-sweep-3 - train/sampled_mean_reward__MIN","sweet-sweep-3 - train/sampled_mean_reward__MAX"
"0","0.010000000000000004","0.010000000000000004","0.010000000000000004"
"1","0.010000000000000004","0.010000000000000004","0.010000000000000004"
"2","0.010000000000000004","0.010000000000000004","0.010000000000000004"
"3","0.010000000000000004","0.010000000000000004","0.010000000000000004"
"4","0.20010843013591678","0.20010843013591678","0.20010843013591678"
"5","0.13000314695648363","0.13000314695648363","0.13000314695648363"
"6","0.010000000000000004","0.010000000000000004","0.010000000000000004"
"7","0.20010843013591678","0.20010843013591678","0.20010843013591678"
"8","0.010000000000000004","0.010000000000000004","0.010000000000000004"
"9","0.010000000000000004","0.010000000000000004","0.010000000000000004"
"10","0.39356198710694723","0.39356198710694723","0.39356198710694723"
"11","0.010000000000000004","0.010000000000000004","0.010000000000000004"
"12","0.010000000000000004","0.010000000000000004","0.010000000000000004"
"13","0.11293963371418762","0.11293963371418762","0.11293963371418762"
"14","0.010000000000000004","0.010000000000000004","0.010000000000000004"
"15","0.010000000000000004","0.010000000000000004","0.010000000000000004"
"16","0.010000000000000004","0.010000000000000004","0.010000000000000004"
"17","0.19366936853505037","0.19366936853505037","0.19366936853505037"
"18","0.010000000000000004","0.010000000000000004","0.010000000000000004"
"19","0.010000000000000004","0.010000000000000004","0.010000000000000004"
"20","0.010000000000000004","0.010000000000000004","0.010000000000000004"
"21","0.010000000000000004","0.010000000000000004","0.010000000000000004"
"22","0.19366936853505037","0.19366936853505037","0.19366936853505037"
"23","0.305849894862645","0.305849894862645","0.305849894862645"
"24","0.010000000000000004","0.010000000000000004","0.010000000000000004"
"25","0.010000000000000004","0.010000000000000004","0.010000000000000004"
"26","0.010000000000000004","0.010000000000000004","0.010000000000000004"
"27","0.010000000000000004","0.010000000000000004","0.010000000000000004"
"28","0.010000000000000004","0.010000000000000004","0.010000000000000004"
"29","0.010000000000000004","0.010000000000000004","0.010000000000000004"
"30","0.010000000000000004","0.010000000000000004","0.010000000000000004"
"31","0.010000000000000004","0.010000000000000004","0.010000000000000004"
"32","0.3280847794531369","0.3280847794531369","0.3280847794531369"
"33","0.13000314695648363","0.13000314695648363","0.13000314695648363"
"34","0.010000000000000004","0.010000000000000004","0.010000000000000004"
"35","0.4606731173050456","0.4606731173050456","0.4606731173050456"
"36","0.010000000000000004","0.010000000000000004","0.010000000000000004"
"37","0.010000000000000004","0.010000000000000004","0.010000000000000004"
"38","0.31092065587332735","0.31092065587332735","0.31092065587332735"
"39","0.010000000000000004","0.010000000000000004","0.010000000000000004"
"40","0.010000000000000004","0.010000000000000004","0.010000000000000004"
"41","0.010000000000000004","0.010000000000000004","0.010000000000000004"
"42","0.010000000000000004","0.010000000000000004","0.010000000000000004"
"43","0.010000000000000004","0.010000000000000004","0.010000000000000004"
"44","0.13000314695648363","0.13000314695648363","0.13000314695648363"
"45","0.29041626908806834","0.29041626908806834","0.29041626908806834"
"46","0.010000000000000004","0.010000000000000004","0.010000000000000004"
"47","0.010000000000000004","0.010000000000000004","0.010000000000000004"
"48","0.010000000000000004","0.010000000000000004","0.010000000000000004"
"49","0.010000000000000004","0.010000000000000004","0.010000000000000004"
"50","0.010000000000000004","0.010000000000000004","0.010000000000000004"
"51","0.010000000000000004","0.010000000000000004","0.010000000000000004"
"52","0.010000000000000004","0.010000000000000004","0.010000000000000004"
"53","0.010000000000000004","0.010000000000000004","0.010000000000000004"
"54","0.010000000000000004","0.010000000000000004","0.010000000000000004"
"55","0.010000000000000004","0.010000000000000004","0.010000000000000004"
"56","0.010000000000000004","0.010000000000000004","0.010000000000000004"
"57","0.010000000000000004","0.010000000000000004","0.010000000000000004"
"58","0.010000000000000004","0.010000000000000004","0.010000000000000004"
"59","0.010000000000000004","0.010000000000000004","0.010000000000000004"
"60","0.010000000000000004","0.010000000000000004","0.010000000000000004"
"61","0.010000000000000004","0.010000000000000004","0.010000000000000004"
"62","0.010000000000000004","0.010000000000000004","0.010000000000000004"
"63","0.010000000000000004","0.010000000000000004","0.010000000000000004"
"64","0.010000000000000004","0.010000000000000004","0.010000000000000004"
"65","0.010000000000000004","0.010000000000000004","0.010000000000000004"
"66","0.010000000000000004","0.010000000000000004","0.010000000000000004"
"67","0.010000000000000004","0.010000000000000004","0.010000000000000004"
"68","0.010000000000000004","0.010000000000000004","0.010000000000000004"
"69","0.010000000000000004","0.010000000000000004","0.010000000000000004"
"70","0.010000000000000004","0.010000000000000004","0.010000000000000004"
"71","0.010000000000000004","0.010000000000000004","0.010000000000000004"
"72","0.010000000000000004","0.010000000000000004","0.010000000000000004"
"73","0.010000000000000004","0.010000000000000004","0.010000000000000004"
"74","0.010000000000000004","0.010000000000000004","0.010000000000000004"
"75","0.010000000000000004","0.010000000000000004","0.010000000000000004"
"76","0.010000000000000004","0.010000000000000004","0.010000000000000004"
"77","0.010000000000000004","0.010000000000000004","0.010000000000000004"
"78","0.010000000000000004","0.010000000000000004","0.010000000000000004"
"79","0.11293963371418762","0.11293963371418762","0.11293963371418762"
"80","0.010000000000000004","0.010000000000000004","0.010000000000000004"
"81","0.010000000000000004","0.010000000000000004","0.010000000000000004"
"82","0.010000000000000004","0.010000000000000004","0.010000000000000004"
"83","0.010000000000000004","0.010000000000000004","0.010000000000000004"
"84","0.010000000000000004","0.010000000000000004","0.010000000000000004"
"85","0.010000000000000004","0.010000000000000004","0.010000000000000004"
"86","0.010000000000000004","0.010000000000000004","0.010000000000000004"
"87","0.010000000000000004","0.010000000000000004","0.010000000000000004"
"88","0.010000000000000004","0.010000000000000004","0.010000000000000004"
"89","0.010000000000000004","0.010000000000000004","0.010000000000000004"
"90","0.010000000000000004","0.010000000000000004","0.010000000000000004"
"91","0.010000000000000004","0.010000000000000004","0.010000000000000004"
"92","0.010000000000000004","0.010000000000000004","0.010000000000000004"
"93","0.010000000000000004","0.010000000000000004","0.010000000000000004"
"94","0.010000000000000004","0.010000000000000004","0.010000000000000004"
"95","0.010000000000000004","0.010000000000000004","0.010000000000000004"
"96","0.010000000000000004","0.010000000000000004","0.010000000000000004"
"97","0.24268672497164598","0.24268672497164598","0.24268672497164598"
"98","0.010000000000000004","0.010000000000000004","0.010000000000000004"
"99","0.010000000000000004","0.010000000000000004","0.010000000000000004"
"100","0.010000000000000004","0.010000000000000004","0.010000000000000004"
"101","0.010000000000000004","0.010000000000000004","0.010000000000000004"
"102","0.010000000000000004","0.010000000000000004","0.010000000000000004"
"103","0.010000000000000004","0.010000000000000004","0.010000000000000004"
"104","0.010000000000000004","0.010000000000000004","0.010000000000000004"
"105","0.010000000000000004","0.010000000000000004","0.010000000000000004"
"106","0.7395049242913387","0.7395049242913387","0.7395049242913387"
"107","0.010000000000000004","0.010000000000000004","0.010000000000000004"
"108","0.010000000000000004","0.010000000000000004","0.010000000000000004"
"109","0.010000000000000004","0.010000000000000004","0.010000000000000004"
"110","0.010000000000000004","0.010000000000000004","0.010000000000000004"
"111","0.010000000000000004","0.010000000000000004","0.010000000000000004"
"112","0.010000000000000004","0.010000000000000004","0.010000000000000004"
"113","0.010000000000000004","0.010000000000000004","0.010000000000000004"
"114","0.010000000000000004","0.010000000000000004","0.010000000000000004"
"115","0.010000000000000004","0.010000000000000004","0.010000000000000004"
"116","0.010000000000000004","0.010000000000000004","0.010000000000000004"
"117","0.010000000000000004","0.010000000000000004","0.010000000000000004"
"118","0.010000000000000004","0.010000000000000004","0.010000000000000004"
"119","0.010000000000000004","0.010000000000000004","0.010000000000000004"
"120","0.010000000000000004","0.010000000000000004","0.010000000000000004"
"121","0.010000000000000004","0.010000000000000004","0.010000000000000004"
"122","0.4606731173050456","0.4606731173050456","0.4606731173050456"
"123","0.010000000000000004","0.010000000000000004","0.010000000000000004"
"124","0.010000000000000004","0.010000000000000004","0.010000000000000004"
"125","0.010000000000000004","0.010000000000000004","0.010000000000000004"
"126","0.010000000000000004","0.010000000000000004","0.010000000000000004"
"127","0.010000000000000004","0.010000000000000004","0.010000000000000004"
"128","0.010000000000000004","0.010000000000000004","0.010000000000000004"
"129","0.010000000000000004","0.010000000000000004","0.010000000000000004"
"130","0.010000000000000004","0.010000000000000004","0.010000000000000004"
"131","0.010000000000000004","0.010000000000000004","0.010000000000000004"
"132","0.010000000000000004","0.010000000000000004","0.010000000000000004"
"133","0.010000000000000004","0.010000000000000004","0.010000000000000004"
"134","0.010000000000000004","0.010000000000000004","0.010000000000000004"
"135","0.010000000000000004","0.010000000000000004","0.010000000000000004"
"136","0.010000000000000004","0.010000000000000004","0.010000000000000004"
"137","0.010000000000000004","0.010000000000000004","0.010000000000000004"
"138","0.010000000000000004","0.010000000000000004","0.010000000000000004"
"139","0.4606731173050456","0.4606731173050456","0.4606731173050456"
"140","0.010000000000000004","0.010000000000000004","0.010000000000000004"
"141","0.010000000000000004","0.010000000000000004","0.010000000000000004"
"142","0.010000000000000004","0.010000000000000004","0.010000000000000004"
"143","0.010000000000000004","0.010000000000000004","0.010000000000000004"
"144","0.010000000000000004","0.010000000000000004","0.010000000000000004"
"145","0.27473217061423144","0.27473217061423144","0.27473217061423144"
"146","0.010000000000000004","0.010000000000000004","0.010000000000000004"
"147","0.010000000000000004","0.010000000000000004","0.010000000000000004"
"148","0.010000000000000004","0.010000000000000004","0.010000000000000004"
"149","0.010000000000000004","0.010000000000000004","0.010000000000000004"
"150","0.010000000000000004","0.010000000000000004","0.010000000000000004"
"151","0.010000000000000004","0.010000000000000004","0.010000000000000004"
"152","0.010000000000000004","0.010000000000000004","0.010000000000000004"
"153","0.010000000000000004","0.010000000000000004","0.010000000000000004"
"154","0.4606731173050456","0.4606731173050456","0.4606731173050456"
"155","0.010000000000000004","0.010000000000000004","0.010000000000000004"
"156","0.010000000000000004","0.010000000000000004","0.010000000000000004"
"157","0.010000000000000004","0.010000000000000004","0.010000000000000004"
"158","0.010000000000000004","0.010000000000000004","0.010000000000000004"
"159","0.010000000000000004","0.010000000000000004","0.010000000000000004"
"160","0.010000000000000004","0.010000000000000004","0.010000000000000004"
"161","0.010000000000000004","0.010000000000000004","0.010000000000000004"
"162","0.010000000000000004","0.010000000000000004","0.010000000000000004"
"163","0.010000000000000004","0.010000000000000004","0.010000000000000004"
"164","0.010000000000000004","0.010000000000000004","0.010000000000000004"
"165","0.010000000000000004","0.010000000000000004","0.010000000000000004"
"166","0.010000000000000004","0.010000000000000004","0.010000000000000004"
"167","0.4606731173050456","0.4606731173050456","0.4606731173050456"
"168","0.010000000000000004","0.010000000000000004","0.010000000000000004"
"169","0.010000000000000004","0.010000000000000004","0.010000000000000004"
"170","0.010000000000000004","0.010000000000000004","0.010000000000000004"
"171","0.010000000000000004","0.010000000000000004","0.010000000000000004"
"172","0.010000000000000004","0.010000000000000004","0.010000000000000004"
"173","0.010000000000000004","0.010000000000000004","0.010000000000000004"
"174","0.010000000000000004","0.010000000000000004","0.010000000000000004"
"175","0.010000000000000004","0.010000000000000004","0.010000000000000004"
"176","0.4437212694368027","0.4437212694368027","0.4437212694368027"
"177","0.010000000000000004","0.010000000000000004","0.010000000000000004"
"178","0.010000000000000004","0.010000000000000004","0.010000000000000004"
"179","0.010000000000000004","0.010000000000000004","0.010000000000000004"
"180","0.010000000000000004","0.010000000000000004","0.010000000000000004"
"181","0.010000000000000004","0.010000000000000004","0.010000000000000004"
"182","0.010000000000000004","0.010000000000000004","0.010000000000000004"
"183","0.010000000000000004","0.010000000000000004","0.010000000000000004"
"184","0.010000000000000004","0.010000000000000004","0.010000000000000004"
"185","0.010000000000000004","0.010000000000000004","0.010000000000000004"
"186","0.010000000000000004","0.010000000000000004","0.010000000000000004"
"187","0.010000000000000004","0.010000000000000004","0.010000000000000004"
"188","0.010000000000000004","0.010000000000000004","0.010000000000000004"
"189","0.010000000000000004","0.010000000000000004","0.010000000000000004"
"190","0.010000000000000004","0.010000000000000004","0.010000000000000004"
"191","0.010000000000000004","0.010000000000000004","0.010000000000000004"
"192","0.010000000000000004","0.010000000000000004","0.010000000000000004"
"193","0.010000000000000004","0.010000000000000004","0.010000000000000004"
"194","0.010000000000000004","0.010000000000000004","0.010000000000000004"
"195","0.010000000000000004","0.010000000000000004","0.010000000000000004"
"196","0.010000000000000004","0.010000000000000004","0.010000000000000004"
"197","0.010000000000000004","0.010000000000000004","0.010000000000000004"
"198","0.010000000000000004","0.010000000000000004","0.010000000000000004"
"199","0.010000000000000004","0.010000000000000004","0.010000000000000004"
"200","0.010000000000000004","0.010000000000000004","0.010000000000000004"
"201","0.010000000000000004","0.010000000000000004","0.010000000000000004"
"202","0.010000000000000004","0.010000000000000004","0.010000000000000004"
"203","0.010000000000000004","0.010000000000000004","0.010000000000000004"
"204","0.4606731173050456","0.4606731173050456","0.4606731173050456"
"205","0.010000000000000004","0.010000000000000004","0.010000000000000004"
"206","0.010000000000000004","0.010000000000000004","0.010000000000000004"
"207","0.010000000000000004","0.010000000000000004","0.010000000000000004"
"208","0.010000000000000004","0.010000000000000004","0.010000000000000004"
"209","0.010000000000000004","0.010000000000000004","0.010000000000000004"
"210","0.010000000000000004","0.010000000000000004","0.010000000000000004"
"211","0.010000000000000004","0.010000000000000004","0.010000000000000004"
"212","0.010000000000000004","0.010000000000000004","0.010000000000000004"
"213","0.010000000000000004","0.010000000000000004","0.010000000000000004"
"214","0.010000000000000004","0.010000000000000004","0.010000000000000004"
"215","0.010000000000000004","0.010000000000000004","0.010000000000000004"
"216","0.010000000000000004","0.010000000000000004","0.010000000000000004"
"217","0.010000000000000004","0.010000000000000004","0.010000000000000004"
"218","0.010000000000000004","0.010000000000000004","0.010000000000000004"
"219","0.010000000000000004","0.010000000000000004","0.010000000000000004"
"220","0.010000000000000004","0.010000000000000004","0.010000000000000004"
"221","0.010000000000000004","0.010000000000000004","0.010000000000000004"
"222","0.010000000000000004","0.010000000000000004","0.010000000000000004"
"223","0.010000000000000004","0.010000000000000004","0.010000000000000004"
"224","0.010000000000000004","0.010000000000000004","0.010000000000000004"
"225","0.010000000000000004","0.010000000000000004","0.010000000000000004"
"226","0.010000000000000004","0.010000000000000004","0.010000000000000004"
"227","0.010000000000000004","0.010000000000000004","0.010000000000000004"
"228","0.010000000000000004","0.010000000000000004","0.010000000000000004"
"229","0.010000000000000004","0.010000000000000004","0.010000000000000004"
"230","0.010000000000000004","0.010000000000000004","0.010000000000000004"
"231","0.010000000000000004","0.010000000000000004","0.010000000000000004"
"232","0.010000000000000004","0.010000000000000004","0.010000000000000004"
"233","0.010000000000000004","0.010000000000000004","0.010000000000000004"
"234","0.010000000000000004","0.010000000000000004","0.010000000000000004"
"235","0.010000000000000004","0.010000000000000004","0.010000000000000004"
"236","0.010000000000000004","0.010000000000000004","0.010000000000000004"
"237","0.010000000000000004","0.010000000000000004","0.010000000000000004"
"238","0.010000000000000004","0.010000000000000004","0.010000000000000004"
"239","0.010000000000000004","0.010000000000000004","0.010000000000000004"
"240","0.010000000000000004","0.010000000000000004","0.010000000000000004"
"241","0.010000000000000004","0.010000000000000004","0.010000000000000004"
"242","0.010000000000000004","0.010000000000000004","0.010000000000000004"
"243","0.010000000000000004","0.010000000000000004","0.010000000000000004"
"244","0.010000000000000004","0.010000000000000004","0.010000000000000004"
"245","0.010000000000000004","0.010000000000000004","0.010000000000000004"
"246","0.010000000000000004","0.010000000000000004","0.010000000000000004"
"247","0.010000000000000004","0.010000000000000004","0.010000000000000004"
"248","0.010000000000000004","0.010000000000000004","0.010000000000000004"
"249","0.010000000000000004","0.010000000000000004","0.010000000000000004"
"250","0.010000000000000004","0.010000000000000004","0.010000000000000004"
"251","0.010000000000000004","0.010000000000000004","0.010000000000000004"
"252","0.010000000000000004","0.010000000000000004","0.010000000000000004"
"253","0.010000000000000004","0.010000000000000004","0.010000000000000004"
"254","0.010000000000000004","0.010000000000000004","0.010000000000000004"
"255","0.010000000000000004","0.010000000000000004","0.010000000000000004"
"256","0.010000000000000004","0.010000000000000004","0.010000000000000004"
"257","0.010000000000000004","0.010000000000000004","0.010000000000000004"
"258","0.010000000000000004","0.010000000000000004","0.010000000000000004"
"259","0.010000000000000004","0.010000000000000004","0.010000000000000004"
"260","0.010000000000000004","0.010000000000000004","0.010000000000000004"
"261","0.010000000000000004","0.010000000000000004","0.010000000000000004"
"262","0.010000000000000004","0.010000000000000004","0.010000000000000004"
"263","0.010000000000000004","0.010000000000000004","0.010000000000000004"
"264","0.010000000000000004","0.010000000000000004","0.010000000000000004"
"265","0.010000000000000004","0.010000000000000004","0.010000000000000004"
"266","0.010000000000000004","0.010000000000000004","0.010000000000000004"
"267","0.010000000000000004","0.010000000000000004","0.010000000000000004"
"268","0.010000000000000004","0.010000000000000004","0.010000000000000004"
"269","0.010000000000000004","0.010000000000000004","0.010000000000000004"
"270","0.010000000000000004","0.010000000000000004","0.010000000000000004"
"271","0.010000000000000004","0.010000000000000004","0.010000000000000004"
"272","0.010000000000000004","0.010000000000000004","0.010000000000000004"
"273","0.010000000000000004","0.010000000000000004","0.010000000000000004"
"274","0.010000000000000004","0.010000000000000004","0.010000000000000004"
"275","0.010000000000000004","0.010000000000000004","0.010000000000000004"
"276","0.010000000000000004","0.010000000000000004","0.010000000000000004"
"277","0.010000000000000004","0.010000000000000004","0.010000000000000004"
"278","0.010000000000000004","0.010000000000000004","0.010000000000000004"
"279","0.010000000000000004","0.010000000000000004","0.010000000000000004"
"280","0.010000000000000004","0.010000000000000004","0.010000000000000004"
"281","0.010000000000000004","0.010000000000000004","0.010000000000000004"
"282","0.010000000000000004","0.010000000000000004","0.010000000000000004"
"283","0.010000000000000004","0.010000000000000004","0.010000000000000004"
"284","0.010000000000000004","0.010000000000000004","0.010000000000000004"
"285","0.010000000000000004","0.010000000000000004","0.010000000000000004"
"286","0.4606731173050456","0.4606731173050456","0.4606731173050456"
"287","0.010000000000000004","0.010000000000000004","0.010000000000000004"
"288","0.010000000000000004","0.010000000000000004","0.010000000000000004"
"289","0.010000000000000004","0.010000000000000004","0.010000000000000004"
"290","0.010000000000000004","0.010000000000000004","0.010000000000000004"
"291","0.010000000000000004","0.010000000000000004","0.010000000000000004"
"292","0.010000000000000004","0.010000000000000004","0.010000000000000004"
"293","0.010000000000000004","0.010000000000000004","0.010000000000000004"
"294","0.010000000000000004","0.010000000000000004","0.010000000000000004"
"295","0.010000000000000004","0.010000000000000004","0.010000000000000004"
"296","0.4606731173050456","0.4606731173050456","0.4606731173050456"
"297","0.010000000000000004","0.010000000000000004","0.010000000000000004"
"298","0.010000000000000004","0.010000000000000004","0.010000000000000004"
"299","0.010000000000000004","0.010000000000000004","0.010000000000000004"
"300","0.010000000000000004","0.010000000000000004","0.010000000000000004"
"301","0.010000000000000004","0.010000000000000004","0.010000000000000004"
"302","0.010000000000000004","0.010000000000000004","0.010000000000000004"
"303","0.010000000000000004","0.010000000000000004","0.010000000000000004"
"304","0.010000000000000004","0.010000000000000004","0.010000000000000004"
"305","0.010000000000000004","0.010000000000000004","0.010000000000000004"
"306","0.010000000000000004","0.010000000000000004","0.010000000000000004"
"307","0.010000000000000004","0.010000000000000004","0.010000000000000004"
"308","0.010000000000000004","0.010000000000000004","0.010000000000000004"
"309","0.010000000000000004","0.010000000000000004","0.010000000000000004"
"310","0.010000000000000004","0.010000000000000004","0.010000000000000004"
"311","0.010000000000000004","0.010000000000000004","0.010000000000000004"
"312","0.010000000000000004","0.010000000000000004","0.010000000000000004"
"313","0.010000000000000004","0.010000000000000004","0.010000000000000004"
"314","0.010000000000000004","0.010000000000000004","0.010000000000000004"
"315","0.010000000000000004","0.010000000000000004","0.010000000000000004"
"316","0.010000000000000004","0.010000000000000004","0.010000000000000004"
"317","0.010000000000000004","0.010000000000000004","0.010000000000000004"
"318","0.010000000000000004","0.010000000000000004","0.010000000000000004"
"319","0.010000000000000004","0.010000000000000004","0.010000000000000004"
"320","0.010000000000000004","0.010000000000000004","0.010000000000000004"
"321","0.010000000000000004","0.010000000000000004","0.010000000000000004"
"322","0.010000000000000004","0.010000000000000004","0.010000000000000004"
"323","0.010000000000000004","0.010000000000000004","0.010000000000000004"
"324","0.010000000000000004","0.010000000000000004","0.010000000000000004"
"325","0.010000000000000004","0.010000000000000004","0.010000000000000004"
"326","0.010000000000000004","0.010000000000000004","0.010000000000000004"
"327","0.010000000000000004","0.010000000000000004","0.010000000000000004"
"328","0.010000000000000004","0.010000000000000004","0.010000000000000004"
"329","0.010000000000000004","0.010000000000000004","0.010000000000000004"
"330","0.010000000000000004","0.010000000000000004","0.010000000000000004"
"331","0.010000000000000004","0.010000000000000004","0.010000000000000004"
"332","0.010000000000000004","0.010000000000000004","0.010000000000000004"
"333","0.010000000000000004","0.010000000000000004","0.010000000000000004"
"334","0.010000000000000004","0.010000000000000004","0.010000000000000004"
"335","0.010000000000000004","0.010000000000000004","0.010000000000000004"
"336","0.010000000000000004","0.010000000000000004","0.010000000000000004"
"337","0.4606731173050456","0.4606731173050456","0.4606731173050456"
"338","0.010000000000000004","0.010000000000000004","0.010000000000000004"
"339","0.010000000000000004","0.010000000000000004","0.010000000000000004"
"340","0.010000000000000004","0.010000000000000004","0.010000000000000004"
"341","0.010000000000000004","0.010000000000000004","0.010000000000000004"
"342","0.010000000000000004","0.010000000000000004","0.010000000000000004"
"343","0.010000000000000004","0.010000000000000004","0.010000000000000004"
"344","0.010000000000000004","0.010000000000000004","0.010000000000000004"
"345","0.010000000000000004","0.010000000000000004","0.010000000000000004"
"346","0.010000000000000004","0.010000000000000004","0.010000000000000004"
"347","0.010000000000000004","0.010000000000000004","0.010000000000000004"
"348","0.010000000000000004","0.010000000000000004","0.010000000000000004"
"349","0.010000000000000004","0.010000000000000004","0.010000000000000004"
"350","0.010000000000000004","0.010000000000000004","0.010000000000000004"
"351","0.010000000000000004","0.010000000000000004","0.010000000000000004"
"352","0.010000000000000004","0.010000000000000004","0.010000000000000004"
"353","0.010000000000000004","0.010000000000000004","0.010000000000000004"
"354","0.010000000000000004","0.010000000000000004","0.010000000000000004"
"355","0.010000000000000004","0.010000000000000004","0.010000000000000004"
"356","0.010000000000000004","0.010000000000000004","0.010000000000000004"
"357","0.010000000000000004","0.010000000000000004","0.010000000000000004"
"358","0.010000000000000004","0.010000000000000004","0.010000000000000004"
"359","0.010000000000000004","0.010000000000000004","0.010000000000000004"
"360","0.010000000000000004","0.010000000000000004","0.010000000000000004"
"361","0.010000000000000004","0.010000000000000004","0.010000000000000004"
"362","0.010000000000000004","0.010000000000000004","0.010000000000000004"
"363","0.010000000000000004","0.010000000000000004","0.010000000000000004"
"364","0.010000000000000004","0.010000000000000004","0.010000000000000004"
"365","0.010000000000000004","0.010000000000000004","0.010000000000000004"
"366","0.010000000000000004","0.010000000000000004","0.010000000000000004"
"367","0.010000000000000004","0.010000000000000004","0.010000000000000004"
"368","0.010000000000000004","0.010000000000000004","0.010000000000000004"
"369","0.010000000000000004","0.010000000000000004","0.010000000000000004"
"370","0.010000000000000004","0.010000000000000004","0.010000000000000004"
"371","0.010000000000000004","0.010000000000000004","0.010000000000000004"
"372","0.010000000000000004","0.010000000000000004","0.010000000000000004"
"373","0.010000000000000004","0.010000000000000004","0.010000000000000004"
"374","0.010000000000000004","0.010000000000000004","0.010000000000000004"
"375","0.010000000000000004","0.010000000000000004","0.010000000000000004"
"376","0.010000000000000004","0.010000000000000004","0.010000000000000004"
"377","0.010000000000000004","0.010000000000000004","0.010000000000000004"
"378","0.010000000000000004","0.010000000000000004","0.010000000000000004"
"379","0.010000000000000004","0.010000000000000004","0.010000000000000004"
"380","0.010000000000000004","0.010000000000000004","0.010000000000000004"
"381","0.010000000000000004","0.010000000000000004","0.010000000000000004"
"382","0.010000000000000004","0.010000000000000004","0.010000000000000004"
"383","0.010000000000000004","0.010000000000000004","0.010000000000000004"
"384","0.010000000000000004","0.010000000000000004","0.010000000000000004"
"385","0.010000000000000004","0.010000000000000004","0.010000000000000004"
"386","0.010000000000000004","0.010000000000000004","0.010000000000000004"
"387","0.010000000000000004","0.010000000000000004","0.010000000000000004"
"388","0.010000000000000004","0.010000000000000004","0.010000000000000004"
"389","0.010000000000000004","0.010000000000000004","0.010000000000000004"
"390","0.010000000000000004","0.010000000000000004","0.010000000000000004"
"391","0.010000000000000004","0.010000000000000004","0.010000000000000004"
"392","0.010000000000000004","0.010000000000000004","0.010000000000000004"
"393","0.010000000000000004","0.010000000000000004","0.010000000000000004"
"394","0.010000000000000004","0.010000000000000004","0.010000000000000004"
"395","0.010000000000000004","0.010000000000000004","0.010000000000000004"
"396","0.010000000000000004","0.010000000000000004","0.010000000000000004"
"397","0.010000000000000004","0.010000000000000004","0.010000000000000004"
"398","0.010000000000000004","0.010000000000000004","0.010000000000000004"
"399","0.010000000000000004","0.010000000000000004","0.010000000000000004"
"400","0.010000000000000004","0.010000000000000004","0.010000000000000004"
"401","0.010000000000000004","0.010000000000000004","0.010000000000000004"
"402","0.010000000000000004","0.010000000000000004","0.010000000000000004"
"403","0.010000000000000004","0.010000000000000004","0.010000000000000004"
"404","0.010000000000000004","0.010000000000000004","0.010000000000000004"
"405","0.010000000000000004","0.010000000000000004","0.010000000000000004"
"406","0.010000000000000004","0.010000000000000004","0.010000000000000004"
"407","0.010000000000000004","0.010000000000000004","0.010000000000000004"
"408","0.010000000000000004","0.010000000000000004","0.010000000000000004"
"409","0.010000000000000004","0.010000000000000004","0.010000000000000004"
"410","0.010000000000000004","0.010000000000000004","0.010000000000000004"
"411","0.010000000000000004","0.010000000000000004","0.010000000000000004"
"412","0.010000000000000004","0.010000000000000004","0.010000000000000004"
"413","0.010000000000000004","0.010000000000000004","0.010000000000000004"
"414","0.010000000000000004","0.010000000000000004","0.010000000000000004"
"415","0.010000000000000004","0.010000000000000004","0.010000000000000004"
"416","0.010000000000000004","0.010000000000000004","0.010000000000000004"
"417","0.010000000000000004","0.010000000000000004","0.010000000000000004"
"418","0.010000000000000004","0.010000000000000004","0.010000000000000004"
"419","0.010000000000000004","0.010000000000000004","0.010000000000000004"
"420","0.010000000000000004","0.010000000000000004","0.010000000000000004"
"421","0.010000000000000004","0.010000000000000004","0.010000000000000004"
"422","0.010000000000000004","0.010000000000000004","0.010000000000000004"
"423","0.010000000000000004","0.010000000000000004","0.010000000000000004"
"424","0.010000000000000004","0.010000000000000004","0.010000000000000004"
"425","0.010000000000000004","0.010000000000000004","0.010000000000000004"
"426","0.010000000000000004","0.010000000000000004","0.010000000000000004"
"427","0.010000000000000004","0.010000000000000004","0.010000000000000004"
"428","0.010000000000000004","0.010000000000000004","0.010000000000000004"
"429","0.010000000000000004","0.010000000000000004","0.010000000000000004"
"430","0.010000000000000004","0.010000000000000004","0.010000000000000004"
"431","0.010000000000000004","0.010000000000000004","0.010000000000000004"
"432","0.010000000000000004","0.010000000000000004","0.010000000000000004"
"433","0.010000000000000004","0.010000000000000004","0.010000000000000004"
"434","0.010000000000000004","0.010000000000000004","0.010000000000000004"
"435","0.010000000000000004","0.010000000000000004","0.010000000000000004"
"436","0.010000000000000004","0.010000000000000004","0.010000000000000004"
"437","0.010000000000000004","0.010000000000000004","0.010000000000000004"
"438","0.010000000000000004","0.010000000000000004","0.010000000000000004"
"439","0.010000000000000004","0.010000000000000004","0.010000000000000004"
"440","0.010000000000000004","0.010000000000000004","0.010000000000000004"
"441","0.010000000000000004","0.010000000000000004","0.010000000000000004"
"442","0.010000000000000004","0.010000000000000004","0.010000000000000004"
"443","0.010000000000000004","0.010000000000000004","0.010000000000000004"
"444","0.010000000000000004","0.010000000000000004","0.010000000000000004"
"445","0.010000000000000004","0.010000000000000004","0.010000000000000004"
"446","0.010000000000000004","0.010000000000000004","0.010000000000000004"
"447","0.010000000000000004","0.010000000000000004","0.010000000000000004"
"448","0.010000000000000004","0.010000000000000004","0.010000000000000004"
"449","0.010000000000000004","0.010000000000000004","0.010000000000000004"
"450","0.010000000000000004","0.010000000000000004","0.010000000000000004"
"451","0.010000000000000004","0.010000000000000004","0.010000000000000004"
"452","0.010000000000000004","0.010000000000000004","0.010000000000000004"
"453","0.010000000000000004","0.010000000000000004","0.010000000000000004"
"454","0.010000000000000004","0.010000000000000004","0.010000000000000004"
"455","0.010000000000000004","0.010000000000000004","0.010000000000000004"
"456","0.010000000000000004","0.010000000000000004","0.010000000000000004"
"457","0.010000000000000004","0.010000000000000004","0.010000000000000004"
"458","0.010000000000000004","0.010000000000000004","0.010000000000000004"
"459","0.010000000000000004","0.010000000000000004","0.010000000000000004"
"460","0.010000000000000004","0.010000000000000004","0.010000000000000004"
"461","0.010000000000000004","0.010000000000000004","0.010000000000000004"
"462","0.010000000000000004","0.010000000000000004","0.010000000000000004"
"463","0.010000000000000004","0.010000000000000004","0.010000000000000004"
"464","0.010000000000000004","0.010000000000000004","0.010000000000000004"
"465","0.010000000000000004","0.010000000000000004","0.010000000000000004"
"466","0.010000000000000004","0.010000000000000004","0.010000000000000004"
"467","0.010000000000000004","0.010000000000000004","0.010000000000000004"
"468","0.010000000000000004","0.010000000000000004","0.010000000000000004"
"469","0.010000000000000004","0.010000000000000004","0.010000000000000004"
"470","0.010000000000000004","0.010000000000000004","0.010000000000000004"
"471","0.010000000000000004","0.010000000000000004","0.010000000000000004"
"472","0.010000000000000004","0.010000000000000004","0.010000000000000004"
"473","0.010000000000000004","0.010000000000000004","0.010000000000000004"
"474","0.010000000000000004","0.010000000000000004","0.010000000000000004"
"475","0.010000000000000004","0.010000000000000004","0.010000000000000004"
"476","0.010000000000000004","0.010000000000000004","0.010000000000000004"
"477","0.010000000000000004","0.010000000000000004","0.010000000000000004"
"478","0.010000000000000004","0.010000000000000004","0.010000000000000004"
"479","0.010000000000000004","0.010000000000000004","0.010000000000000004"
"480","0.010000000000000004","0.010000000000000004","0.010000000000000004"
"481","0.010000000000000004","0.010000000000000004","0.010000000000000004"
"482","0.010000000000000004","0.010000000000000004","0.010000000000000004"
"483","0.010000000000000004","0.010000000000000004","0.010000000000000004"
"484","0.010000000000000004","0.010000000000000004","0.010000000000000004"
"485","0.010000000000000004","0.010000000000000004","0.010000000000000004"
"486","0.010000000000000004","0.010000000000000004","0.010000000000000004"
"487","0.010000000000000004","0.010000000000000004","0.010000000000000004"
"488","0.010000000000000004","0.010000000000000004","0.010000000000000004"
"489","0.010000000000000004","0.010000000000000004","0.010000000000000004"
"490","0.010000000000000004","0.010000000000000004","0.010000000000000004"
"491","0.010000000000000004","0.010000000000000004","0.010000000000000004"
"492","0.010000000000000004","0.010000000000000004","0.010000000000000004"
"493","0.010000000000000004","0.010000000000000004","0.010000000000000004"
"494","0.010000000000000004","0.010000000000000004","0.010000000000000004"
"495","0.010000000000000004","0.010000000000000004","0.010000000000000004"
"496","0.010000000000000004","0.010000000000000004","0.010000000000000004"
"497","0.010000000000000004","0.010000000000000004","0.010000000000000004"
"498","0.010000000000000004","0.010000000000000004","0.010000000000000004"
"499","0.010000000000000004","0.010000000000000004","0.010000000000000004"
"500","0.010000000000000004","0.010000000000000004","0.010000000000000004"
"501","0.010000000000000004","0.010000000000000004","0.010000000000000004"
"502","0.010000000000000004","0.010000000000000004","0.010000000000000004"
"503","0.010000000000000004","0.010000000000000004","0.010000000000000004"
"504","0.010000000000000004","0.010000000000000004","0.010000000000000004"
"505","0.010000000000000004","0.010000000000000004","0.010000000000000004"
"506","0.010000000000000004","0.010000000000000004","0.010000000000000004"
"507","0.010000000000000004","0.010000000000000004","0.010000000000000004"
"508","0.010000000000000004","0.010000000000000004","0.010000000000000004"
"509","0.010000000000000004","0.010000000000000004","0.010000000000000004"
"510","0.010000000000000004","0.010000000000000004","0.010000000000000004"
"511","0.010000000000000004","0.010000000000000004","0.010000000000000004"
"512","0.010000000000000004","0.010000000000000004","0.010000000000000004"
"513","0.010000000000000004","0.010000000000000004","0.010000000000000004"
"514","0.010000000000000004","0.010000000000000004","0.010000000000000004"
"515","0.010000000000000004","0.010000000000000004","0.010000000000000004"
"516","0.010000000000000004","0.010000000000000004","0.010000000000000004"
"517","0.010000000000000004","0.010000000000000004","0.010000000000000004"
"518","0.010000000000000004","0.010000000000000004","0.010000000000000004"
"519","0.010000000000000004","0.010000000000000004","0.010000000000000004"
"520","0.010000000000000004","0.010000000000000004","0.010000000000000004"
"521","0.010000000000000004","0.010000000000000004","0.010000000000000004"
"522","0.010000000000000004","0.010000000000000004","0.010000000000000004"
"523","0.010000000000000004","0.010000000000000004","0.010000000000000004"
"524","0.010000000000000004","0.010000000000000004","0.010000000000000004"
"525","0.010000000000000004","0.010000000000000004","0.010000000000000004"
"526","0.010000000000000004","0.010000000000000004","0.010000000000000004"
"527","0.010000000000000004","0.010000000000000004","0.010000000000000004"
"528","0.010000000000000004","0.010000000000000004","0.010000000000000004"
"529","0.010000000000000004","0.010000000000000004","0.010000000000000004"
"530","0.010000000000000004","0.010000000000000004","0.010000000000000004"
"531","0.010000000000000004","0.010000000000000004","0.010000000000000004"
"532","0.010000000000000004","0.010000000000000004","0.010000000000000004"
"533","0.010000000000000004","0.010000000000000004","0.010000000000000004"
"534","0.010000000000000004","0.010000000000000004","0.010000000000000004"
"535","0.010000000000000004","0.010000000000000004","0.010000000000000004"
"536","0.010000000000000004","0.010000000000000004","0.010000000000000004"
"537","0.010000000000000004","0.010000000000000004","0.010000000000000004"
"538","0.010000000000000004","0.010000000000000004","0.010000000000000004"
"539","0.010000000000000004","0.010000000000000004","0.010000000000000004"
"540","0.010000000000000004","0.010000000000000004","0.010000000000000004"
"541","0.010000000000000004","0.010000000000000004","0.010000000000000004"
"542","0.010000000000000004","0.010000000000000004","0.010000000000000004"
"543","0.010000000000000004","0.010000000000000004","0.010000000000000004"
"544","0.010000000000000004","0.010000000000000004","0.010000000000000004"
"545","0.010000000000000004","0.010000000000000004","0.010000000000000004"
"546","0.010000000000000004","0.010000000000000004","0.010000000000000004"
"547","0.010000000000000004","0.010000000000000004","0.010000000000000004"
"548","0.010000000000000004","0.010000000000000004","0.010000000000000004"
"549","0.010000000000000004","0.010000000000000004","0.010000000000000004"
"550","0.010000000000000004","0.010000000000000004","0.010000000000000004"
"551","0.010000000000000004","0.010000000000000004","0.010000000000000004"
"552","0.010000000000000004","0.010000000000000004","0.010000000000000004"
"553","0.010000000000000004","0.010000000000000004","0.010000000000000004"
"554","0.010000000000000004","0.010000000000000004","0.010000000000000004"
"555","0.010000000000000004","0.010000000000000004","0.010000000000000004"
"556","0.010000000000000004","0.010000000000000004","0.010000000000000004"
"557","0.010000000000000004","0.010000000000000004","0.010000000000000004"
"558","0.010000000000000004","0.010000000000000004","0.010000000000000004"
"559","0.010000000000000004","0.010000000000000004","0.010000000000000004"
"560","0.010000000000000004","0.010000000000000004","0.010000000000000004"
"561","0.010000000000000004","0.010000000000000004","0.010000000000000004"
"562","0.010000000000000004","0.010000000000000004","0.010000000000000004"
"563","0.010000000000000004","0.010000000000000004","0.010000000000000004"
"564","0.010000000000000004","0.010000000000000004","0.010000000000000004"
"565","0.010000000000000004","0.010000000000000004","0.010000000000000004"
"566","0.010000000000000004","0.010000000000000004","0.010000000000000004"
"567","0.010000000000000004","0.010000000000000004","0.010000000000000004"
"568","0.010000000000000004","0.010000000000000004","0.010000000000000004"
"569","0.010000000000000004","0.010000000000000004","0.010000000000000004"
"570","0.010000000000000004","0.010000000000000004","0.010000000000000004"
"571","0.010000000000000004","0.010000000000000004","0.010000000000000004"
"572","0.010000000000000004","0.010000000000000004","0.010000000000000004"
"573","0.010000000000000004","0.010000000000000004","0.010000000000000004"
"574","0.010000000000000004","0.010000000000000004","0.010000000000000004"
"575","0.010000000000000004","0.010000000000000004","0.010000000000000004"
"576","0.010000000000000004","0.010000000000000004","0.010000000000000004"
"577","0.010000000000000004","0.010000000000000004","0.010000000000000004"
"578","0.010000000000000004","0.010000000000000004","0.010000000000000004"
"579","0.010000000000000004","0.010000000000000004","0.010000000000000004"
"580","0.010000000000000004","0.010000000000000004","0.010000000000000004"
"581","0.010000000000000004","0.010000000000000004","0.010000000000000004"
"582","0.010000000000000004","0.010000000000000004","0.010000000000000004"
"583","0.010000000000000004","0.010000000000000004","0.010000000000000004"
"584","0.010000000000000004","0.010000000000000004","0.010000000000000004"
"585","0.010000000000000004","0.010000000000000004","0.010000000000000004"
"586","0.010000000000000004","0.010000000000000004","0.010000000000000004"
"587","0.010000000000000004","0.010000000000000004","0.010000000000000004"
"588","0.010000000000000004","0.010000000000000004","0.010000000000000004"
"589","0.010000000000000004","0.010000000000000004","0.010000000000000004"
"590","0.010000000000000004","0.010000000000000004","0.010000000000000004"
"591","0.010000000000000004","0.010000000000000004","0.010000000000000004"
"592","0.010000000000000004","0.010000000000000004","0.010000000000000004"
"593","0.010000000000000004","0.010000000000000004","0.010000000000000004"
"594","0.010000000000000004","0.010000000000000004","0.010000000000000004"
"595","0.010000000000000004","0.010000000000000004","0.010000000000000004"
"596","0.010000000000000004","0.010000000000000004","0.010000000000000004"
"597","0.010000000000000004","0.010000000000000004","0.010000000000000004"
"598","0.010000000000000004","0.010000000000000004","0.010000000000000004"
"599","0.010000000000000004","0.010000000000000004","0.010000000000000004"
"600","0.010000000000000004","0.010000000000000004","0.010000000000000004"
"601","0.010000000000000004","0.010000000000000004","0.010000000000000004"
"602","0.010000000000000004","0.010000000000000004","0.010000000000000004"
"603","0.010000000000000004","0.010000000000000004","0.010000000000000004"
"604","0.010000000000000004","0.010000000000000004","0.010000000000000004"
"605","0.010000000000000004","0.010000000000000004","0.010000000000000004"
"606","0.010000000000000004","0.010000000000000004","0.010000000000000004"
"607","0.010000000000000004","0.010000000000000004","0.010000000000000004"
"608","0.010000000000000004","0.010000000000000004","0.010000000000000004"
"609","0.010000000000000004","0.010000000000000004","0.010000000000000004"
"610","0.010000000000000004","0.010000000000000004","0.010000000000000004"
"611","0.010000000000000004","0.010000000000000004","0.010000000000000004"
"612","0.010000000000000004","0.010000000000000004","0.010000000000000004"
"613","0.010000000000000004","0.010000000000000004","0.010000000000000004"
"614","0.010000000000000004","0.010000000000000004","0.010000000000000004"
"615","0.010000000000000004","0.010000000000000004","0.010000000000000004"
"616","0.010000000000000004","0.010000000000000004","0.010000000000000004"
"617","0.010000000000000004","0.010000000000000004","0.010000000000000004"
"618","0.010000000000000004","0.010000000000000004","0.010000000000000004"
"619","0.010000000000000004","0.010000000000000004","0.010000000000000004"
"620","0.010000000000000004","0.010000000000000004","0.010000000000000004"
"621","0.010000000000000004","0.010000000000000004","0.010000000000000004"
"622","0.010000000000000004","0.010000000000000004","0.010000000000000004"
"623","0.010000000000000004","0.010000000000000004","0.010000000000000004"
"624","0.010000000000000004","0.010000000000000004","0.010000000000000004"
"625","0.010000000000000004","0.010000000000000004","0.010000000000000004"
"626","0.010000000000000004","0.010000000000000004","0.010000000000000004"
"627","0.010000000000000004","0.010000000000000004","0.010000000000000004"
"628","0.010000000000000004","0.010000000000000004","0.010000000000000004"
"629","0.010000000000000004","0.010000000000000004","0.010000000000000004"
"630","0.010000000000000004","0.010000000000000004","0.010000000000000004"
"631","0.010000000000000004","0.010000000000000004","0.010000000000000004"
"632","0.010000000000000004","0.010000000000000004","0.010000000000000004"
"633","0.010000000000000004","0.010000000000000004","0.010000000000000004"
"634","0.010000000000000004","0.010000000000000004","0.010000000000000004"
"635","0.010000000000000004","0.010000000000000004","0.010000000000000004"
"636","0.010000000000000004","0.010000000000000004","0.010000000000000004"
"637","0.010000000000000004","0.010000000000000004","0.010000000000000004"
"638","0.010000000000000004","0.010000000000000004","0.010000000000000004"
"639","0.010000000000000004","0.010000000000000004","0.010000000000000004"
"640","0.010000000000000004","0.010000000000000004","0.010000000000000004"
"641","0.010000000000000004","0.010000000000000004","0.010000000000000004"
"642","0.010000000000000004","0.010000000000000004","0.010000000000000004"
"643","0.010000000000000004","0.010000000000000004","0.010000000000000004"
"644","0.010000000000000004","0.010000000000000004","0.010000000000000004"
"645","0.010000000000000004","0.010000000000000004","0.010000000000000004"
"646","0.010000000000000004","0.010000000000000004","0.010000000000000004"
"647","0.010000000000000004","0.010000000000000004","0.010000000000000004"
"648","0.010000000000000004","0.010000000000000004","0.010000000000000004"
"649","0.010000000000000004","0.010000000000000004","0.010000000000000004"
"650","0.010000000000000004","0.010000000000000004","0.010000000000000004"
"651","0.010000000000000004","0.010000000000000004","0.010000000000000004"
"652","0.010000000000000004","0.010000000000000004","0.010000000000000004"
"653","0.010000000000000004","0.010000000000000004","0.010000000000000004"
"654","0.010000000000000004","0.010000000000000004","0.010000000000000004"
"655","0.010000000000000004","0.010000000000000004","0.010000000000000004"
"656","0.010000000000000004","0.010000000000000004","0.010000000000000004"
"657","0.010000000000000004","0.010000000000000004","0.010000000000000004"
"658","0.010000000000000004","0.010000000000000004","0.010000000000000004"
"659","0.010000000000000004","0.010000000000000004","0.010000000000000004"
"660","0.010000000000000004","0.010000000000000004","0.010000000000000004"
"661","0.010000000000000004","0.010000000000000004","0.010000000000000004"
"662","0.010000000000000004","0.010000000000000004","0.010000000000000004"
"663","0.010000000000000004","0.010000000000000004","0.010000000000000004"
"664","0.010000000000000004","0.010000000000000004","0.010000000000000004"
"665","0.010000000000000004","0.010000000000000004","0.010000000000000004"
"666","0.010000000000000004","0.010000000000000004","0.010000000000000004"
"667","0.010000000000000004","0.010000000000000004","0.010000000000000004"
"668","0.010000000000000004","0.010000000000000004","0.010000000000000004"
"669","0.010000000000000004","0.010000000000000004","0.010000000000000004"
"670","0.010000000000000004","0.010000000000000004","0.010000000000000004"
"671","0.010000000000000004","0.010000000000000004","0.010000000000000004"
"672","0.010000000000000004","0.010000000000000004","0.010000000000000004"
"673","0.010000000000000004","0.010000000000000004","0.010000000000000004"
"674","0.010000000000000004","0.010000000000000004","0.010000000000000004"
"675","0.010000000000000004","0.010000000000000004","0.010000000000000004"
"676","0.010000000000000004","0.010000000000000004","0.010000000000000004"
"677","0.010000000000000004","0.010000000000000004","0.010000000000000004"
"678","0.010000000000000004","0.010000000000000004","0.010000000000000004"
"679","0.010000000000000004","0.010000000000000004","0.010000000000000004"
"680","0.010000000000000004","0.010000000000000004","0.010000000000000004"
"681","0.010000000000000004","0.010000000000000004","0.010000000000000004"
"682","0.010000000000000004","0.010000000000000004","0.010000000000000004"
"683","0.010000000000000004","0.010000000000000004","0.010000000000000004"
"684","0.010000000000000004","0.010000000000000004","0.010000000000000004"
"685","0.010000000000000004","0.010000000000000004","0.010000000000000004"
"686","0.010000000000000004","0.010000000000000004","0.010000000000000004"
"687","0.010000000000000004","0.010000000000000004","0.010000000000000004"
"688","0.010000000000000004","0.010000000000000004","0.010000000000000004"
"689","0.010000000000000004","0.010000000000000004","0.010000000000000004"
"690","0.010000000000000004","0.010000000000000004","0.010000000000000004"
"691","0.010000000000000004","0.010000000000000004","0.010000000000000004"
"692","0.010000000000000004","0.010000000000000004","0.010000000000000004"
"693","0.010000000000000004","0.010000000000000004","0.010000000000000004"
"694","0.010000000000000004","0.010000000000000004","0.010000000000000004"
"695","0.010000000000000004","0.010000000000000004","0.010000000000000004"
"696","0.010000000000000004","0.010000000000000004","0.010000000000000004"
"697","0.010000000000000004","0.010000000000000004","0.010000000000000004"
"698","0.010000000000000004","0.010000000000000004","0.010000000000000004"
"699","0.010000000000000004","0.010000000000000004","0.010000000000000004"
"700","0.010000000000000004","0.010000000000000004","0.010000000000000004"
"701","0.010000000000000004","0.010000000000000004","0.010000000000000004"
"702","0.010000000000000004","0.010000000000000004","0.010000000000000004"
"703","0.010000000000000004","0.010000000000000004","0.010000000000000004"
"704","0.010000000000000004","0.010000000000000004","0.010000000000000004"
"705","0.010000000000000004","0.010000000000000004","0.010000000000000004"
"706","0.010000000000000004","0.010000000000000004","0.010000000000000004"
"707","0.010000000000000004","0.010000000000000004","0.010000000000000004"
"708","0.010000000000000004","0.010000000000000004","0.010000000000000004"
"709","0.010000000000000004","0.010000000000000004","0.010000000000000004"
"710","0.010000000000000004","0.010000000000000004","0.010000000000000004"
"711","0.010000000000000004","0.010000000000000004","0.010000000000000004"
"712","0.010000000000000004","0.010000000000000004","0.010000000000000004"
"713","0.010000000000000004","0.010000000000000004","0.010000000000000004"
"714","0.010000000000000004","0.010000000000000004","0.010000000000000004"
"715","0.010000000000000004","0.010000000000000004","0.010000000000000004"
"716","0.010000000000000004","0.010000000000000004","0.010000000000000004"
"717","0.010000000000000004","0.010000000000000004","0.010000000000000004"
"718","0.010000000000000004","0.010000000000000004","0.010000000000000004"
"719","0.010000000000000004","0.010000000000000004","0.010000000000000004"
"720","0.010000000000000004","0.010000000000000004","0.010000000000000004"
"721","0.010000000000000004","0.010000000000000004","0.010000000000000004"
"722","0.010000000000000004","0.010000000000000004","0.010000000000000004"
"723","0.010000000000000004","0.010000000000000004","0.010000000000000004"
"724","0.010000000000000004","0.010000000000000004","0.010000000000000004"
"725","0.010000000000000004","0.010000000000000004","0.010000000000000004"
"726","0.010000000000000004","0.010000000000000004","0.010000000000000004"
"727","0.010000000000000004","0.010000000000000004","0.010000000000000004"
"728","0.010000000000000004","0.010000000000000004","0.010000000000000004"
"729","0.010000000000000004","0.010000000000000004","0.010000000000000004"
"730","0.010000000000000004","0.010000000000000004","0.010000000000000004"
"731","0.010000000000000004","0.010000000000000004","0.010000000000000004"
"732","0.010000000000000004","0.010000000000000004","0.010000000000000004"
"733","0.010000000000000004","0.010000000000000004","0.010000000000000004"
"734","0.010000000000000004","0.010000000000000004","0.010000000000000004"
"735","0.010000000000000004","0.010000000000000004","0.010000000000000004"
"736","0.010000000000000004","0.010000000000000004","0.010000000000000004"
"737","0.010000000000000004","0.010000000000000004","0.010000000000000004"
"738","0.010000000000000004","0.010000000000000004","0.010000000000000004"
"739","0.010000000000000004","0.010000000000000004","0.010000000000000004"
"740","0.010000000000000004","0.010000000000000004","0.010000000000000004"
"741","0.010000000000000004","0.010000000000000004","0.010000000000000004"
"742","0.010000000000000004","0.010000000000000004","0.010000000000000004"
"743","0.010000000000000004","0.010000000000000004","0.010000000000000004"
"744","0.010000000000000004","0.010000000000000004","0.010000000000000004"
"745","0.010000000000000004","0.010000000000000004","0.010000000000000004"
"746","0.010000000000000004","0.010000000000000004","0.010000000000000004"
"747","0.010000000000000004","0.010000000000000004","0.010000000000000004"
"748","0.010000000000000004","0.010000000000000004","0.010000000000000004"
"749","0.010000000000000004","0.010000000000000004","0.010000000000000004"
"750","0.010000000000000004","0.010000000000000004","0.010000000000000004"
"751","0.010000000000000004","0.010000000000000004","0.010000000000000004"
"752","0.010000000000000004","0.010000000000000004","0.010000000000000004"
"753","0.010000000000000004","0.010000000000000004","0.010000000000000004"
"754","0.010000000000000004","0.010000000000000004","0.010000000000000004"
"755","0.010000000000000004","0.010000000000000004","0.010000000000000004"
"756","0.010000000000000004","0.010000000000000004","0.010000000000000004"
"757","0.010000000000000004","0.010000000000000004","0.010000000000000004"
"758","0.010000000000000004","0.010000000000000004","0.010000000000000004"
"759","0.010000000000000004","0.010000000000000004","0.010000000000000004"
"760","0.010000000000000004","0.010000000000000004","0.010000000000000004"
"761","0.010000000000000004","0.010000000000000004","0.010000000000000004"
"762","0.010000000000000004","0.010000000000000004","0.010000000000000004"
"763","0.010000000000000004","0.010000000000000004","0.010000000000000004"
"764","0.010000000000000004","0.010000000000000004","0.010000000000000004"
"765","0.010000000000000004","0.010000000000000004","0.010000000000000004"
"766","0.010000000000000004","0.010000000000000004","0.010000000000000004"
"767","0.010000000000000004","0.010000000000000004","0.010000000000000004"
"768","0.010000000000000004","0.010000000000000004","0.010000000000000004"
"769","0.010000000000000004","0.010000000000000004","0.010000000000000004"
"770","0.010000000000000004","0.010000000000000004","0.010000000000000004"
"771","0.010000000000000004","0.010000000000000004","0.010000000000000004"
"772","0.010000000000000004","0.010000000000000004","0.010000000000000004"
"773","0.010000000000000004","0.010000000000000004","0.010000000000000004"
"774","0.010000000000000004","0.010000000000000004","0.010000000000000004"
"775","0.010000000000000004","0.010000000000000004","0.010000000000000004"
"776","0.010000000000000004","0.010000000000000004","0.010000000000000004"
"777","0.010000000000000004","0.010000000000000004","0.010000000000000004"
"778","0.010000000000000004","0.010000000000000004","0.010000000000000004"
"779","0.010000000000000004","0.010000000000000004","0.010000000000000004"
"780","0.010000000000000004","0.010000000000000004","0.010000000000000004"
"781","0.010000000000000004","0.010000000000000004","0.010000000000000004"
"782","0.010000000000000004","0.010000000000000004","0.010000000000000004"
"783","0.010000000000000004","0.010000000000000004","0.010000000000000004"
"784","0.010000000000000004","0.010000000000000004","0.010000000000000004"
"785","0.010000000000000004","0.010000000000000004","0.010000000000000004"
"786","0.010000000000000004","0.010000000000000004","0.010000000000000004"
"787","0.010000000000000004","0.010000000000000004","0.010000000000000004"
"788","0.010000000000000004","0.010000000000000004","0.010000000000000004"
"789","0.010000000000000004","0.010000000000000004","0.010000000000000004"
"790","0.010000000000000004","0.010000000000000004","0.010000000000000004"
"791","0.010000000000000004","0.010000000000000004","0.010000000000000004"
"792","0.010000000000000004","0.010000000000000004","0.010000000000000004"
"793","0.010000000000000004","0.010000000000000004","0.010000000000000004"
"794","0.010000000000000004","0.010000000000000004","0.010000000000000004"
"795","0.010000000000000004","0.010000000000000004","0.010000000000000004"
"796","0.010000000000000004","0.010000000000000004","0.010000000000000004"
"797","0.010000000000000004","0.010000000000000004","0.010000000000000004"
"798","0.010000000000000004","0.010000000000000004","0.010000000000000004"
"799","0.010000000000000004","0.010000000000000004","0.010000000000000004"
"800","0.010000000000000004","0.010000000000000004","0.010000000000000004"
"801","0.010000000000000004","0.010000000000000004","0.010000000000000004"
"802","0.010000000000000004","0.010000000000000004","0.010000000000000004"
"803","0.010000000000000004","0.010000000000000004","0.010000000000000004"
"804","0.010000000000000004","0.010000000000000004","0.010000000000000004"
"805","0.010000000000000004","0.010000000000000004","0.010000000000000004"
"806","0.010000000000000004","0.010000000000000004","0.010000000000000004"
"807","0.010000000000000004","0.010000000000000004","0.010000000000000004"
"808","0.010000000000000004","0.010000000000000004","0.010000000000000004"
"809","0.010000000000000004","0.010000000000000004","0.010000000000000004"
"810","0.010000000000000004","0.010000000000000004","0.010000000000000004"
"811","0.010000000000000004","0.010000000000000004","0.010000000000000004"
"812","0.010000000000000004","0.010000000000000004","0.010000000000000004"
"813","0.010000000000000004","0.010000000000000004","0.010000000000000004"
"814","0.010000000000000004","0.010000000000000004","0.010000000000000004"
"815","0.010000000000000004","0.010000000000000004","0.010000000000000004"
"816","0.010000000000000004","0.010000000000000004","0.010000000000000004"
"817","0.010000000000000004","0.010000000000000004","0.010000000000000004"
"818","0.010000000000000004","0.010000000000000004","0.010000000000000004"
"819","0.010000000000000004","0.010000000000000004","0.010000000000000004"
"820","0.010000000000000004","0.010000000000000004","0.010000000000000004"
"821","0.010000000000000004","0.010000000000000004","0.010000000000000004"
"822","0.010000000000000004","0.010000000000000004","0.010000000000000004"
"823","0.010000000000000004","0.010000000000000004","0.010000000000000004"
"824","0.010000000000000004","0.010000000000000004","0.010000000000000004"
"825","0.010000000000000004","0.010000000000000004","0.010000000000000004"
"826","0.010000000000000004","0.010000000000000004","0.010000000000000004"
"827","0.010000000000000004","0.010000000000000004","0.010000000000000004"
"828","0.010000000000000004","0.010000000000000004","0.010000000000000004"
"829","0.010000000000000004","0.010000000000000004","0.010000000000000004"
"830","0.010000000000000004","0.010000000000000004","0.010000000000000004"
"831","0.010000000000000004","0.010000000000000004","0.010000000000000004"
"832","0.010000000000000004","0.010000000000000004","0.010000000000000004"
"833","0.010000000000000004","0.010000000000000004","0.010000000000000004"
"834","0.010000000000000004","0.010000000000000004","0.010000000000000004"
"835","0.010000000000000004","0.010000000000000004","0.010000000000000004"
"836","0.010000000000000004","0.010000000000000004","0.010000000000000004"
"837","0.010000000000000004","0.010000000000000004","0.010000000000000004"
"838","0.010000000000000004","0.010000000000000004","0.010000000000000004"
"839","0.010000000000000004","0.010000000000000004","0.010000000000000004"
"840","0.010000000000000004","0.010000000000000004","0.010000000000000004"
"841","0.010000000000000004","0.010000000000000004","0.010000000000000004"
"842","0.010000000000000004","0.010000000000000004","0.010000000000000004"
"843","0.010000000000000004","0.010000000000000004","0.010000000000000004"
"844","0.010000000000000004","0.010000000000000004","0.010000000000000004"
"845","0.010000000000000004","0.010000000000000004","0.010000000000000004"
"846","0.010000000000000004","0.010000000000000004","0.010000000000000004"
"847","0.010000000000000004","0.010000000000000004","0.010000000000000004"
"848","0.010000000000000004","0.010000000000000004","0.010000000000000004"
"849","0.010000000000000004","0.010000000000000004","0.010000000000000004"
"850","0.010000000000000004","0.010000000000000004","0.010000000000000004"