"Step","supervisedlargea100 - epoch","supervisedlargea100 - epoch__MIN","supervisedlargea100 - epoch__MAX"
"0","0","0","0"
"1","0.00390625","0.00390625","0.00390625"
"2","0.0078125","0.0078125","0.0078125"
"3","0.01171875","0.01171875","0.01171875"
"4","0.015625","0.015625","0.015625"
"5","0.01953125","0.01953125","0.01953125"
"6","0.0234375","0.0234375","0.0234375"
"7","0.02734375","0.02734375","0.02734375"
"8","0.03125","0.03125","0.03125"
"9","0.03515625","0.03515625","0.03515625"
"10","0.0390625","0.0390625","0.0390625"
"11","0.04296875","0.04296875","0.04296875"
"12","0.046875","0.046875","0.046875"
"13","0.05078125","0.05078125","0.05078125"
"14","0.0546875","0.0546875","0.0546875"
"15","0.05859375","0.05859375","0.05859375"
"16","0.0625","0.0625","0.0625"
"17","0.06640625","0.06640625","0.06640625"
"18","0.0703125","0.0703125","0.0703125"
"19","0.07421875","0.07421875","0.07421875"
"20","0.078125","0.078125","0.078125"
"21","0.08203125","0.08203125","0.08203125"
"22","0.0859375","0.0859375","0.0859375"
"23","0.08984375","0.08984375","0.08984375"
"24","0.09375","0.09375","0.09375"
"25","0.09765625","0.09765625","0.09765625"
"26","0.1015625","0.1015625","0.1015625"
"27","0.10546875","0.10546875","0.10546875"
"28","0.109375","0.109375","0.109375"
"29","0.11328125","0.11328125","0.11328125"
"30","0.1171875","0.1171875","0.1171875"
"31","0.12109375","0.12109375","0.12109375"
"32","0.125","0.125","0.125"
"33","0.12890625","0.12890625","0.12890625"
"34","0.1328125","0.1328125","0.1328125"
"35","0.13671875","0.13671875","0.13671875"
"36","0.140625","0.140625","0.140625"
"37","0.14453125","0.14453125","0.14453125"
"38","0.1484375","0.1484375","0.1484375"
"39","0.15234375","0.15234375","0.15234375"
"40","0.15625","0.15625","0.15625"
"41","0.16015625","0.16015625","0.16015625"
"42","0.1640625","0.1640625","0.1640625"
"43","0.16796875","0.16796875","0.16796875"
"44","0.171875","0.171875","0.171875"
"45","0.17578125","0.17578125","0.17578125"
"46","0.1796875","0.1796875","0.1796875"
"47","0.18359375","0.18359375","0.18359375"
"48","0.1875","0.1875","0.1875"
"49","0.19140625","0.19140625","0.19140625"
"50","0.1953125","0.1953125","0.1953125"
"51","0.19921875","0.19921875","0.19921875"
"52","0.203125","0.203125","0.203125"
"53","0.20703125","0.20703125","0.20703125"
"54","0.2109375","0.2109375","0.2109375"
"55","0.21484375","0.21484375","0.21484375"
"56","0.21875","0.21875","0.21875"
"57","0.22265625","0.22265625","0.22265625"
"58","0.2265625","0.2265625","0.2265625"
"59","0.23046875","0.23046875","0.23046875"
"60","0.234375","0.234375","0.234375"
"61","0.23828125","0.23828125","0.23828125"
"62","0.2421875","0.2421875","0.2421875"
"63","0.24609375","0.24609375","0.24609375"
"64","0.25","0.25","0.25"
"65","0.25390625","0.25390625","0.25390625"
"66","0.2578125","0.2578125","0.2578125"
"67","0.26171875","0.26171875","0.26171875"
"68","0.265625","0.265625","0.265625"
"69","0.26953125","0.26953125","0.26953125"
"70","0.2734375","0.2734375","0.2734375"
"71","0.27734375","0.27734375","0.27734375"
"72","0.28125","0.28125","0.28125"
"73","0.28515625","0.28515625","0.28515625"
"74","0.2890625","0.2890625","0.2890625"
"75","0.29296875","0.29296875","0.29296875"
"76","0.296875","0.296875","0.296875"
"77","0.30078125","0.30078125","0.30078125"
"78","0.3046875","0.3046875","0.3046875"
"79","0.30859375","0.30859375","0.30859375"
"80","0.3125","0.3125","0.3125"
"81","0.31640625","0.31640625","0.31640625"
"82","0.3203125","0.3203125","0.3203125"
"83","0.32421875","0.32421875","0.32421875"
"84","0.328125","0.328125","0.328125"
"85","0.33203125","0.33203125","0.33203125"
"86","0.3359375","0.3359375","0.3359375"
"87","0.33984375","0.33984375","0.33984375"
"88","0.34375","0.34375","0.34375"
"89","0.34765625","0.34765625","0.34765625"
"90","0.3515625","0.3515625","0.3515625"
"91","0.35546875","0.35546875","0.35546875"
"92","0.359375","0.359375","0.359375"
"93","0.36328125","0.36328125","0.36328125"
"94","0.3671875","0.3671875","0.3671875"
"95","0.37109375","0.37109375","0.37109375"
"96","0.375","0.375","0.375"
"97","0.37890625","0.37890625","0.37890625"
"98","0.3828125","0.3828125","0.3828125"
"99","0.38671875","0.38671875","0.38671875"
"100","0.390625","0.390625","0.390625"
"101","0.39453125","0.39453125","0.39453125"
"102","0.3984375","0.3984375","0.3984375"
"103","0.40234375","0.40234375","0.40234375"
"104","0.40625","0.40625","0.40625"
"105","0.41015625","0.41015625","0.41015625"
"106","0.4140625","0.4140625","0.4140625"
"107","0.41796875","0.41796875","0.41796875"
"108","0.421875","0.421875","0.421875"
"109","0.42578125","0.42578125","0.42578125"
"110","0.4296875","0.4296875","0.4296875"
"111","0.43359375","0.43359375","0.43359375"
"112","0.4375","0.4375","0.4375"
"113","0.44140625","0.44140625","0.44140625"
"114","0.4453125","0.4453125","0.4453125"
"115","0.44921875","0.44921875","0.44921875"
"116","0.453125","0.453125","0.453125"
"117","0.45703125","0.45703125","0.45703125"
"118","0.4609375","0.4609375","0.4609375"
"119","0.46484375","0.46484375","0.46484375"
"120","0.46875","0.46875","0.46875"
"121","0.47265625","0.47265625","0.47265625"
"122","0.4765625","0.4765625","0.4765625"
"123","0.48046875","0.48046875","0.48046875"
"124","0.484375","0.484375","0.484375"
"125","0.48828125","0.48828125","0.48828125"
"126","0.4921875","0.4921875","0.4921875"
"127","0.49609375","0.49609375","0.49609375"
"128","0.5","0.5","0.5"
"129","0.50390625","0.50390625","0.50390625"
"130","0.5078125","0.5078125","0.5078125"
"131","0.51171875","0.51171875","0.51171875"
"132","0.515625","0.515625","0.515625"
"133","0.51953125","0.51953125","0.51953125"
"134","0.5234375","0.5234375","0.5234375"
"135","0.52734375","0.52734375","0.52734375"
"136","0.53125","0.53125","0.53125"
"137","0.53515625","0.53515625","0.53515625"
"138","0.5390625","0.5390625","0.5390625"
"139","0.54296875","0.54296875","0.54296875"
"140","0.546875","0.546875","0.546875"
"141","0.55078125","0.55078125","0.55078125"
"142","0.5546875","0.5546875","0.5546875"
"143","0.55859375","0.55859375","0.55859375"
"144","0.5625","0.5625","0.5625"
"145","0.56640625","0.56640625","0.56640625"
"146","0.5703125","0.5703125","0.5703125"
"147","0.57421875","0.57421875","0.57421875"
"148","0.578125","0.578125","0.578125"
"149","0.58203125","0.58203125","0.58203125"
"150","0.5859375","0.5859375","0.5859375"
"151","0.58984375","0.58984375","0.58984375"
"152","0.59375","0.59375","0.59375"
"153","0.59765625","0.59765625","0.59765625"
"154","0.6015625","0.6015625","0.6015625"
"155","0.60546875","0.60546875","0.60546875"
"156","0.609375","0.609375","0.609375"
"157","0.61328125","0.61328125","0.61328125"
"158","0.6171875","0.6171875","0.6171875"
"159","0.62109375","0.62109375","0.62109375"
"160","0.625","0.625","0.625"
"161","0.62890625","0.62890625","0.62890625"
"162","0.6328125","0.6328125","0.6328125"
"163","0.63671875","0.63671875","0.63671875"
"164","0.640625","0.640625","0.640625"
"165","0.64453125","0.64453125","0.64453125"
"166","0.6484375","0.6484375","0.6484375"
"167","0.65234375","0.65234375","0.65234375"
"168","0.65625","0.65625","0.65625"
"169","0.66015625","0.66015625","0.66015625"
"170","0.6640625","0.6640625","0.6640625"
"171","0.66796875","0.66796875","0.66796875"
"172","0.671875","0.671875","0.671875"
"173","0.67578125","0.67578125","0.67578125"
"174","0.6796875","0.6796875","0.6796875"
"175","0.68359375","0.68359375","0.68359375"
"176","0.6875","0.6875","0.6875"
"177","0.69140625","0.69140625","0.69140625"
"178","0.6953125","0.6953125","0.6953125"
"179","0.69921875","0.69921875","0.69921875"
"180","0.703125","0.703125","0.703125"
"181","0.70703125","0.70703125","0.70703125"
"182","0.7109375","0.7109375","0.7109375"
"183","0.71484375","0.71484375","0.71484375"
"184","0.71875","0.71875","0.71875"
"185","0.72265625","0.72265625","0.72265625"
"186","0.7265625","0.7265625","0.7265625"
"187","0.73046875","0.73046875","0.73046875"
"188","0.734375","0.734375","0.734375"
"189","0.73828125","0.73828125","0.73828125"
"190","0.7421875","0.7421875","0.7421875"
"191","0.74609375","0.74609375","0.74609375"
"192","0.75","0.75","0.75"
"193","0.75390625","0.75390625","0.75390625"
"194","0.7578125","0.7578125","0.7578125"
"195","0.76171875","0.76171875","0.76171875"
"196","0.765625","0.765625","0.765625"
"197","0.76953125","0.76953125","0.76953125"
"198","0.7734375","0.7734375","0.7734375"
"199","0.77734375","0.77734375","0.77734375"
"200","0.78125","0.78125","0.78125"
"201","0.78515625","0.78515625","0.78515625"
"202","0.7890625","0.7890625","0.7890625"
"203","0.79296875","0.79296875","0.79296875"
"204","0.796875","0.796875","0.796875"
"205","0.80078125","0.80078125","0.80078125"
"206","0.8046875","0.8046875","0.8046875"
"207","0.80859375","0.80859375","0.80859375"
"208","0.8125","0.8125","0.8125"
"209","0.81640625","0.81640625","0.81640625"
"210","0.8203125","0.8203125","0.8203125"
"211","0.82421875","0.82421875","0.82421875"
"212","0.828125","0.828125","0.828125"
"213","0.83203125","0.83203125","0.83203125"
"214","0.8359375","0.8359375","0.8359375"
"215","0.83984375","0.83984375","0.83984375"
"216","0.84375","0.84375","0.84375"
"217","0.84765625","0.84765625","0.84765625"
"218","0.8515625","0.8515625","0.8515625"
"219","0.85546875","0.85546875","0.85546875"
"220","0.859375","0.859375","0.859375"
"221","0.86328125","0.86328125","0.86328125"
"222","0.8671875","0.8671875","0.8671875"
"223","0.87109375","0.87109375","0.87109375"
"224","0.875","0.875","0.875"
"225","0.87890625","0.87890625","0.87890625"
"226","0.8828125","0.8828125","0.8828125"
"227","0.88671875","0.88671875","0.88671875"
"228","0.890625","0.890625","0.890625"
"229","0.89453125","0.89453125","0.89453125"
"230","0.8984375","0.8984375","0.8984375"
"231","0.90234375","0.90234375","0.90234375"
"232","0.90625","0.90625","0.90625"
"233","0.91015625","0.91015625","0.91015625"
"234","0.9140625","0.9140625","0.9140625"
"235","0.91796875","0.91796875","0.91796875"
"236","0.921875","0.921875","0.921875"
"237","0.92578125","0.92578125","0.92578125"
"238","0.9296875","0.9296875","0.9296875"
"239","0.93359375","0.93359375","0.93359375"
"240","0.9375","0.9375","0.9375"
"241","0.94140625","0.94140625","0.94140625"
"242","0.9453125","0.9453125","0.9453125"
"243","0.94921875","0.94921875","0.94921875"
"244","0.953125","0.953125","0.953125"
"245","0.95703125","0.95703125","0.95703125"
"246","0.9609375","0.9609375","0.9609375"
"247","0.96484375","0.96484375","0.96484375"
"248","0.96875","0.96875","0.96875"
"249","0.97265625","0.97265625","0.97265625"
"250","0.9765625","0.9765625","0.9765625"
"251","0.98046875","0.98046875","0.98046875"
"252","0.984375","0.984375","0.984375"
"253","0.98828125","0.98828125","0.98828125"
"254","0.9921875","0.9921875","0.9921875"
"255","0.99609375","0.99609375","0.99609375"
"256","1","1","1"
"257","1.00390625","1.00390625","1.00390625"
"258","1.0078125","1.0078125","1.0078125"
"259","1.01171875","1.01171875","1.01171875"
"260","1.015625","1.015625","1.015625"
"261","1.01953125","1.01953125","1.01953125"
"262","1.0234375","1.0234375","1.0234375"
"263","1.02734375","1.02734375","1.02734375"
"264","1.03125","1.03125","1.03125"
"265","1.03515625","1.03515625","1.03515625"
"266","1.0390625","1.0390625","1.0390625"
"267","1.04296875","1.04296875","1.04296875"
"268","1.046875","1.046875","1.046875"
"269","1.05078125","1.05078125","1.05078125"
"270","1.0546875","1.0546875","1.0546875"
"271","1.05859375","1.05859375","1.05859375"
"272","1.0625","1.0625","1.0625"
"273","1.06640625","1.06640625","1.06640625"
"274","1.0703125","1.0703125","1.0703125"
"275","1.07421875","1.07421875","1.07421875"
"276","1.078125","1.078125","1.078125"
"277","1.08203125","1.08203125","1.08203125"
"278","1.0859375","1.0859375","1.0859375"
"279","1.08984375","1.08984375","1.08984375"
"280","1.09375","1.09375","1.09375"
"281","1.09765625","1.09765625","1.09765625"
"282","1.1015625","1.1015625","1.1015625"
"283","1.10546875","1.10546875","1.10546875"
"284","1.109375","1.109375","1.109375"
"285","1.11328125","1.11328125","1.11328125"
"286","1.1171875","1.1171875","1.1171875"
"287","1.12109375","1.12109375","1.12109375"
"288","1.125","1.125","1.125"
"289","1.12890625","1.12890625","1.12890625"
"290","1.1328125","1.1328125","1.1328125"
"291","1.13671875","1.13671875","1.13671875"
"292","1.140625","1.140625","1.140625"
"293","1.14453125","1.14453125","1.14453125"
"294","1.1484375","1.1484375","1.1484375"
"295","1.15234375","1.15234375","1.15234375"
"296","1.15625","1.15625","1.15625"
"297","1.16015625","1.16015625","1.16015625"
"298","1.1640625","1.1640625","1.1640625"
"299","1.16796875","1.16796875","1.16796875"
"300","1.171875","1.171875","1.171875"
"301","1.17578125","1.17578125","1.17578125"
"302","1.1796875","1.1796875","1.1796875"
"303","1.18359375","1.18359375","1.18359375"
"304","1.1875","1.1875","1.1875"
"305","1.19140625","1.19140625","1.19140625"
"306","1.1953125","1.1953125","1.1953125"
"307","1.19921875","1.19921875","1.19921875"
"308","1.203125","1.203125","1.203125"
"309","1.20703125","1.20703125","1.20703125"
"310","1.2109375","1.2109375","1.2109375"
"311","1.21484375","1.21484375","1.21484375"
"312","1.21875","1.21875","1.21875"
"313","1.22265625","1.22265625","1.22265625"
"314","1.2265625","1.2265625","1.2265625"
"315","1.23046875","1.23046875","1.23046875"
"316","1.234375","1.234375","1.234375"
"317","1.23828125","1.23828125","1.23828125"
"318","1.2421875","1.2421875","1.2421875"
"319","1.24609375","1.24609375","1.24609375"
"320","1.25","1.25","1.25"
"321","1.25390625","1.25390625","1.25390625"
"322","1.2578125","1.2578125","1.2578125"
"323","1.26171875","1.26171875","1.26171875"
"324","1.265625","1.265625","1.265625"
"325","1.26953125","1.26953125","1.26953125"
"326","1.2734375","1.2734375","1.2734375"
"327","1.27734375","1.27734375","1.27734375"
"328","1.28125","1.28125","1.28125"
"329","1.28515625","1.28515625","1.28515625"
"330","1.2890625","1.2890625","1.2890625"
"331","1.29296875","1.29296875","1.29296875"
"332","1.296875","1.296875","1.296875"
"333","1.30078125","1.30078125","1.30078125"
"334","1.3046875","1.3046875","1.3046875"
"335","1.30859375","1.30859375","1.30859375"
"336","1.3125","1.3125","1.3125"
"337","1.31640625","1.31640625","1.31640625"
"338","1.3203125","1.3203125","1.3203125"
"339","1.32421875","1.32421875","1.32421875"
"340","1.328125","1.328125","1.328125"
"341","1.33203125","1.33203125","1.33203125"
"342","1.3359375","1.3359375","1.3359375"
"343","1.33984375","1.33984375","1.33984375"
"344","1.34375","1.34375","1.34375"
"345","1.34765625","1.34765625","1.34765625"
"346","1.3515625","1.3515625","1.3515625"
"347","1.35546875","1.35546875","1.35546875"
"348","1.359375","1.359375","1.359375"
"349","1.36328125","1.36328125","1.36328125"
"350","1.3671875","1.3671875","1.3671875"
"351","1.37109375","1.37109375","1.37109375"
"352","1.375","1.375","1.375"
"353","1.37890625","1.37890625","1.37890625"
"354","1.3828125","1.3828125","1.3828125"
"355","1.38671875","1.38671875","1.38671875"
"356","1.390625","1.390625","1.390625"
"357","1.39453125","1.39453125","1.39453125"
"358","1.3984375","1.3984375","1.3984375"
"359","1.40234375","1.40234375","1.40234375"
"360","1.40625","1.40625","1.40625"
"361","1.41015625","1.41015625","1.41015625"
"362","1.4140625","1.4140625","1.4140625"
"363","1.41796875","1.41796875","1.41796875"
"364","1.421875","1.421875","1.421875"
"365","1.42578125","1.42578125","1.42578125"
"366","1.4296875","1.4296875","1.4296875"
"367","1.43359375","1.43359375","1.43359375"
"368","1.4375","1.4375","1.4375"
"369","1.44140625","1.44140625","1.44140625"
"370","1.4453125","1.4453125","1.4453125"
"371","1.44921875","1.44921875","1.44921875"
"372","1.453125","1.453125","1.453125"
"373","1.45703125","1.45703125","1.45703125"
"374","1.4609375","1.4609375","1.4609375"
"375","1.46484375","1.46484375","1.46484375"
"376","1.46875","1.46875","1.46875"
"377","1.47265625","1.47265625","1.47265625"
"378","1.4765625","1.4765625","1.4765625"
"379","1.48046875","1.48046875","1.48046875"
"380","1.484375","1.484375","1.484375"
"381","1.48828125","1.48828125","1.48828125"
"382","1.4921875","1.4921875","1.4921875"
"383","1.49609375","1.49609375","1.49609375"
"384","1.5","1.5","1.5"
"385","1.50390625","1.50390625","1.50390625"
"386","1.5078125","1.5078125","1.5078125"
"387","1.51171875","1.51171875","1.51171875"
"388","1.515625","1.515625","1.515625"
"389","1.51953125","1.51953125","1.51953125"
"390","1.5234375","1.5234375","1.5234375"
"391","1.52734375","1.52734375","1.52734375"
"392","1.53125","1.53125","1.53125"
"393","1.53515625","1.53515625","1.53515625"
"394","1.5390625","1.5390625","1.5390625"
"395","1.54296875","1.54296875","1.54296875"
"396","1.546875","1.546875","1.546875"
"397","1.55078125","1.55078125","1.55078125"
"398","1.5546875","1.5546875","1.5546875"
"399","1.55859375","1.55859375","1.55859375"
"400","1.5625","1.5625","1.5625"
"401","1.56640625","1.56640625","1.56640625"
"402","1.5703125","1.5703125","1.5703125"
"403","1.57421875","1.57421875","1.57421875"
"404","1.578125","1.578125","1.578125"
"405","1.58203125","1.58203125","1.58203125"
"406","1.5859375","1.5859375","1.5859375"
"407","1.58984375","1.58984375","1.58984375"
"408","1.59375","1.59375","1.59375"
"409","1.59765625","1.59765625","1.59765625"
"410","1.6015625","1.6015625","1.6015625"
"411","1.60546875","1.60546875","1.60546875"
"412","1.609375","1.609375","1.609375"
"413","1.61328125","1.61328125","1.61328125"
"414","1.6171875","1.6171875","1.6171875"
"415","1.62109375","1.62109375","1.62109375"
"416","1.625","1.625","1.625"
"417","1.62890625","1.62890625","1.62890625"
"418","1.6328125","1.6328125","1.6328125"
"419","1.63671875","1.63671875","1.63671875"
"420","1.640625","1.640625","1.640625"
"421","1.64453125","1.64453125","1.64453125"
"422","1.6484375","1.6484375","1.6484375"
"423","1.65234375","1.65234375","1.65234375"
"424","1.65625","1.65625","1.65625"
"425","1.66015625","1.66015625","1.66015625"
"426","1.6640625","1.6640625","1.6640625"
"427","1.66796875","1.66796875","1.66796875"
"428","1.671875","1.671875","1.671875"
"429","1.67578125","1.67578125","1.67578125"
"430","1.6796875","1.6796875","1.6796875"
"431","1.68359375","1.68359375","1.68359375"
"432","1.6875","1.6875","1.6875"
"433","1.69140625","1.69140625","1.69140625"
"434","1.6953125","1.6953125","1.6953125"
"435","1.69921875","1.69921875","1.69921875"
"436","1.703125","1.703125","1.703125"
"437","1.70703125","1.70703125","1.70703125"
"438","1.7109375","1.7109375","1.7109375"
"439","1.71484375","1.71484375","1.71484375"
"440","1.71875","1.71875","1.71875"
"441","1.72265625","1.72265625","1.72265625"
"442","1.7265625","1.7265625","1.7265625"
"443","1.73046875","1.73046875","1.73046875"
"444","1.734375","1.734375","1.734375"
"445","1.73828125","1.73828125","1.73828125"
"446","1.7421875","1.7421875","1.7421875"
"447","1.74609375","1.74609375","1.74609375"
"448","1.75","1.75","1.75"
"449","1.75390625","1.75390625","1.75390625"
"450","1.7578125","1.7578125","1.7578125"
"451","1.76171875","1.76171875","1.76171875"
"452","1.765625","1.765625","1.765625"
"453","1.76953125","1.76953125","1.76953125"
"454","1.7734375","1.7734375","1.7734375"
"455","1.77734375","1.77734375","1.77734375"
"456","1.78125","1.78125","1.78125"
"457","1.78515625","1.78515625","1.78515625"
"458","1.7890625","1.7890625","1.7890625"
"459","1.79296875","1.79296875","1.79296875"
"460","1.796875","1.796875","1.796875"
"461","1.80078125","1.80078125","1.80078125"
"462","1.8046875","1.8046875","1.8046875"
"463","1.80859375","1.80859375","1.80859375"
"464","1.8125","1.8125","1.8125"
"465","1.81640625","1.81640625","1.81640625"
"466","1.8203125","1.8203125","1.8203125"
"467","1.82421875","1.82421875","1.82421875"
"468","1.828125","1.828125","1.828125"
"469","1.83203125","1.83203125","1.83203125"
"470","1.8359375","1.8359375","1.8359375"
"471","1.83984375","1.83984375","1.83984375"
"472","1.84375","1.84375","1.84375"
"473","1.84765625","1.84765625","1.84765625"
"474","1.8515625","1.8515625","1.8515625"
"475","1.85546875","1.85546875","1.85546875"
"476","1.859375","1.859375","1.859375"
"477","1.86328125","1.86328125","1.86328125"
"478","1.8671875","1.8671875","1.8671875"
"479","1.87109375","1.87109375","1.87109375"
"480","1.875","1.875","1.875"
"481","1.87890625","1.87890625","1.87890625"
"482","1.8828125","1.8828125","1.8828125"
"483","1.88671875","1.88671875","1.88671875"
"484","1.890625","1.890625","1.890625"
"485","1.89453125","1.89453125","1.89453125"
"486","1.8984375","1.8984375","1.8984375"
"487","1.90234375","1.90234375","1.90234375"
"488","1.90625","1.90625","1.90625"
"489","1.91015625","1.91015625","1.91015625"
"490","1.9140625","1.9140625","1.9140625"
"491","1.91796875","1.91796875","1.91796875"
"492","1.921875","1.921875","1.921875"
"493","1.92578125","1.92578125","1.92578125"
"494","1.9296875","1.9296875","1.9296875"
"495","1.93359375","1.93359375","1.93359375"
"496","1.9375","1.9375","1.9375"
"497","1.94140625","1.94140625","1.94140625"
"498","1.9453125","1.9453125","1.9453125"
"499","1.94921875","1.94921875","1.94921875"
"500","1.953125","1.953125","1.953125"
"501","1.95703125","1.95703125","1.95703125"
"502","1.9609375","1.9609375","1.9609375"
"503","1.96484375","1.96484375","1.96484375"
"504","1.96875","1.96875","1.96875"
"505","1.97265625","1.97265625","1.97265625"
"506","1.9765625","1.9765625","1.9765625"
"507","1.98046875","1.98046875","1.98046875"
"508","1.984375","1.984375","1.984375"
"509","1.98828125","1.98828125","1.98828125"
"510","1.9921875","1.9921875","1.9921875"
"511","1.99609375","1.99609375","1.99609375"
"512","2","2","2"
"513","2.00390625","2.00390625","2.00390625"
"514","2.0078125","2.0078125","2.0078125"
"515","2.01171875","2.01171875","2.01171875"
"516","2.015625","2.015625","2.015625"
"517","2.01953125","2.01953125","2.01953125"
"518","2.0234375","2.0234375","2.0234375"
"519","2.02734375","2.02734375","2.02734375"
"520","2.03125","2.03125","2.03125"
"521","2.03515625","2.03515625","2.03515625"
"522","2.0390625","2.0390625","2.0390625"
"523","2.04296875","2.04296875","2.04296875"
"524","2.046875","2.046875","2.046875"
"525","2.05078125","2.05078125","2.05078125"
"526","2.0546875","2.0546875","2.0546875"
"527","2.05859375","2.05859375","2.05859375"
"528","2.0625","2.0625","2.0625"
"529","2.06640625","2.06640625","2.06640625"
"530","2.0703125","2.0703125","2.0703125"
"531","2.07421875","2.07421875","2.07421875"
"532","2.078125","2.078125","2.078125"
"533","2.08203125","2.08203125","2.08203125"
"534","2.0859375","2.0859375","2.0859375"
"535","2.08984375","2.08984375","2.08984375"
"536","2.09375","2.09375","2.09375"
"537","2.09765625","2.09765625","2.09765625"
"538","2.1015625","2.1015625","2.1015625"
"539","2.10546875","2.10546875","2.10546875"
"540","2.109375","2.109375","2.109375"
"541","2.11328125","2.11328125","2.11328125"
"542","2.1171875","2.1171875","2.1171875"
"543","2.12109375","2.12109375","2.12109375"
"544","2.125","2.125","2.125"
"545","2.12890625","2.12890625","2.12890625"
"546","2.1328125","2.1328125","2.1328125"
"547","2.13671875","2.13671875","2.13671875"
"548","2.140625","2.140625","2.140625"
"549","2.14453125","2.14453125","2.14453125"
"550","2.1484375","2.1484375","2.1484375"
"551","2.15234375","2.15234375","2.15234375"
"552","2.15625","2.15625","2.15625"
"553","2.16015625","2.16015625","2.16015625"
"554","2.1640625","2.1640625","2.1640625"
"555","2.16796875","2.16796875","2.16796875"
"556","2.171875","2.171875","2.171875"
"557","2.17578125","2.17578125","2.17578125"
"558","2.1796875","2.1796875","2.1796875"
"559","2.18359375","2.18359375","2.18359375"
"560","2.1875","2.1875","2.1875"
"561","2.19140625","2.19140625","2.19140625"
"562","2.1953125","2.1953125","2.1953125"
"563","2.19921875","2.19921875","2.19921875"
"564","2.203125","2.203125","2.203125"
"565","2.20703125","2.20703125","2.20703125"
"566","2.2109375","2.2109375","2.2109375"
"567","2.21484375","2.21484375","2.21484375"
"568","2.21875","2.21875","2.21875"
"569","2.22265625","2.22265625","2.22265625"
"570","2.2265625","2.2265625","2.2265625"
"571","2.23046875","2.23046875","2.23046875"
"572","2.234375","2.234375","2.234375"
"573","2.23828125","2.23828125","2.23828125"
"574","2.2421875","2.2421875","2.2421875"
"575","2.24609375","2.24609375","2.24609375"
"576","2.25","2.25","2.25"
"577","2.25390625","2.25390625","2.25390625"
"578","2.2578125","2.2578125","2.2578125"
"579","2.26171875","2.26171875","2.26171875"
"580","2.265625","2.265625","2.265625"
"581","2.26953125","2.26953125","2.26953125"
"582","2.2734375","2.2734375","2.2734375"
"583","2.27734375","2.27734375","2.27734375"
"584","2.28125","2.28125","2.28125"
"585","2.28515625","2.28515625","2.28515625"
"586","2.2890625","2.2890625","2.2890625"
"587","2.29296875","2.29296875","2.29296875"
"588","2.296875","2.296875","2.296875"
"589","2.30078125","2.30078125","2.30078125"
"590","2.3046875","2.3046875","2.3046875"
"591","2.30859375","2.30859375","2.30859375"
"592","2.3125","2.3125","2.3125"
"593","2.31640625","2.31640625","2.31640625"
"594","2.3203125","2.3203125","2.3203125"
"595","2.32421875","2.32421875","2.32421875"
"596","2.328125","2.328125","2.328125"
"597","2.33203125","2.33203125","2.33203125"
"598","2.3359375","2.3359375","2.3359375"
"599","2.33984375","2.33984375","2.33984375"
"600","2.34375","2.34375","2.34375"
"601","2.34765625","2.34765625","2.34765625"
"602","2.3515625","2.3515625","2.3515625"
"603","2.35546875","2.35546875","2.35546875"
"604","2.359375","2.359375","2.359375"
"605","2.36328125","2.36328125","2.36328125"
"606","2.3671875","2.3671875","2.3671875"
"607","2.37109375","2.37109375","2.37109375"
"608","2.375","2.375","2.375"
"609","2.37890625","2.37890625","2.37890625"
"610","2.3828125","2.3828125","2.3828125"
"611","2.38671875","2.38671875","2.38671875"
"612","2.390625","2.390625","2.390625"
"613","2.39453125","2.39453125","2.39453125"
"614","2.3984375","2.3984375","2.3984375"
"615","2.40234375","2.40234375","2.40234375"
"616","2.40625","2.40625","2.40625"
"617","2.41015625","2.41015625","2.41015625"
"618","2.4140625","2.4140625","2.4140625"
"619","2.41796875","2.41796875","2.41796875"
"620","2.421875","2.421875","2.421875"
"621","2.42578125","2.42578125","2.42578125"
"622","2.4296875","2.4296875","2.4296875"
"623","2.43359375","2.43359375","2.43359375"
"624","2.4375","2.4375","2.4375"
"625","2.44140625","2.44140625","2.44140625"
"626","2.4453125","2.4453125","2.4453125"
"627","2.44921875","2.44921875","2.44921875"
"628","2.453125","2.453125","2.453125"
"629","2.45703125","2.45703125","2.45703125"
"630","2.4609375","2.4609375","2.4609375"
"631","2.46484375","2.46484375","2.46484375"
"632","2.46875","2.46875","2.46875"
"633","2.47265625","2.47265625","2.47265625"
"634","2.4765625","2.4765625","2.4765625"
"635","2.48046875","2.48046875","2.48046875"
"636","2.484375","2.484375","2.484375"
"637","2.48828125","2.48828125","2.48828125"
"638","2.4921875","2.4921875","2.4921875"
"639","2.49609375","2.49609375","2.49609375"
"640","2.5","2.5","2.5"
"641","2.50390625","2.50390625","2.50390625"
"642","2.5078125","2.5078125","2.5078125"
"643","2.51171875","2.51171875","2.51171875"
"644","2.515625","2.515625","2.515625"
"645","2.51953125","2.51953125","2.51953125"
"646","2.5234375","2.5234375","2.5234375"
"647","2.52734375","2.52734375","2.52734375"
"648","2.53125","2.53125","2.53125"
"649","2.53515625","2.53515625","2.53515625"
"650","2.5390625","2.5390625","2.5390625"
"651","2.54296875","2.54296875","2.54296875"
"652","2.546875","2.546875","2.546875"
"653","2.55078125","2.55078125","2.55078125"
"654","2.5546875","2.5546875","2.5546875"
"655","2.55859375","2.55859375","2.55859375"
"656","2.5625","2.5625","2.5625"
"657","2.56640625","2.56640625","2.56640625"
"658","2.5703125","2.5703125","2.5703125"
"659","2.57421875","2.57421875","2.57421875"
"660","2.578125","2.578125","2.578125"
"661","2.58203125","2.58203125","2.58203125"
"662","2.5859375","2.5859375","2.5859375"
"663","2.58984375","2.58984375","2.58984375"
"664","2.59375","2.59375","2.59375"
"665","2.59765625","2.59765625","2.59765625"
"666","2.6015625","2.6015625","2.6015625"
"667","2.60546875","2.60546875","2.60546875"
"668","2.609375","2.609375","2.609375"
"669","2.61328125","2.61328125","2.61328125"
"670","2.6171875","2.6171875","2.6171875"
"671","2.62109375","2.62109375","2.62109375"
"672","2.625","2.625","2.625"
"673","2.62890625","2.62890625","2.62890625"
"674","2.6328125","2.6328125","2.6328125"
"675","2.63671875","2.63671875","2.63671875"
"676","2.640625","2.640625","2.640625"
"677","2.64453125","2.64453125","2.64453125"
"678","2.6484375","2.6484375","2.6484375"
"679","2.65234375","2.65234375","2.65234375"
"680","2.65625","2.65625","2.65625"
"681","2.66015625","2.66015625","2.66015625"
"682","2.6640625","2.6640625","2.6640625"
"683","2.66796875","2.66796875","2.66796875"
"684","2.671875","2.671875","2.671875"
"685","2.67578125","2.67578125","2.67578125"
"686","2.6796875","2.6796875","2.6796875"
"687","2.68359375","2.68359375","2.68359375"
"688","2.6875","2.6875","2.6875"
"689","2.69140625","2.69140625","2.69140625"
"690","2.6953125","2.6953125","2.6953125"
"691","2.69921875","2.69921875","2.69921875"
"692","2.703125","2.703125","2.703125"
"693","2.70703125","2.70703125","2.70703125"
"694","2.7109375","2.7109375","2.7109375"
"695","2.71484375","2.71484375","2.71484375"
"696","2.71875","2.71875","2.71875"
"697","2.72265625","2.72265625","2.72265625"
"698","2.7265625","2.7265625","2.7265625"
"699","2.73046875","2.73046875","2.73046875"
"700","2.734375","2.734375","2.734375"
"701","2.73828125","2.73828125","2.73828125"
"702","2.7421875","2.7421875","2.7421875"
"703","2.74609375","2.74609375","2.74609375"
"704","2.75","2.75","2.75"
"705","2.75390625","2.75390625","2.75390625"
"706","2.7578125","2.7578125","2.7578125"
"707","2.76171875","2.76171875","2.76171875"
"708","2.765625","2.765625","2.765625"
"709","2.76953125","2.76953125","2.76953125"
"710","2.7734375","2.7734375","2.7734375"
"711","2.77734375","2.77734375","2.77734375"
"712","2.78125","2.78125","2.78125"
"713","2.78515625","2.78515625","2.78515625"
"714","2.7890625","2.7890625","2.7890625"
"715","2.79296875","2.79296875","2.79296875"
"716","2.796875","2.796875","2.796875"
"717","2.80078125","2.80078125","2.80078125"
"718","2.8046875","2.8046875","2.8046875"
"719","2.80859375","2.80859375","2.80859375"
"720","2.8125","2.8125","2.8125"
"721","2.81640625","2.81640625","2.81640625"
"722","2.8203125","2.8203125","2.8203125"
"723","2.82421875","2.82421875","2.82421875"
"724","2.828125","2.828125","2.828125"
"725","2.83203125","2.83203125","2.83203125"
"726","2.8359375","2.8359375","2.8359375"
"727","2.83984375","2.83984375","2.83984375"
"728","2.84375","2.84375","2.84375"
"729","2.84765625","2.84765625","2.84765625"
"730","2.8515625","2.8515625","2.8515625"
"731","2.85546875","2.85546875","2.85546875"
"732","2.859375","2.859375","2.859375"
"733","2.86328125","2.86328125","2.86328125"
"734","2.8671875","2.8671875","2.8671875"
"735","2.87109375","2.87109375","2.87109375"
"736","2.875","2.875","2.875"
"737","2.87890625","2.87890625","2.87890625"
"738","2.8828125","2.8828125","2.8828125"
"739","2.88671875","2.88671875","2.88671875"
"740","2.890625","2.890625","2.890625"
"741","2.89453125","2.89453125","2.89453125"
"742","2.8984375","2.8984375","2.8984375"
"743","2.90234375","2.90234375","2.90234375"
"744","2.90625","2.90625","2.90625"
"745","2.91015625","2.91015625","2.91015625"
"746","2.9140625","2.9140625","2.9140625"
"747","2.91796875","2.91796875","2.91796875"
"748","2.921875","2.921875","2.921875"
"749","2.92578125","2.92578125","2.92578125"
"750","2.9296875","2.9296875","2.9296875"
"751","2.93359375","2.93359375","2.93359375"
"752","2.9375","2.9375","2.9375"
"753","2.94140625","2.94140625","2.94140625"
"754","2.9453125","2.9453125","2.9453125"
"755","2.94921875","2.94921875","2.94921875"
"756","2.953125","2.953125","2.953125"
"757","2.95703125","2.95703125","2.95703125"
"758","2.9609375","2.9609375","2.9609375"
"759","2.96484375","2.96484375","2.96484375"
"760","2.96875","2.96875","2.96875"
"761","2.97265625","2.97265625","2.97265625"
"762","2.9765625","2.9765625","2.9765625"
"763","2.98046875","2.98046875","2.98046875"
"764","2.984375","2.984375","2.984375"
"765","2.98828125","2.98828125","2.98828125"
"766","2.9921875","2.9921875","2.9921875"
"767","2.99609375","2.99609375","2.99609375"
"768","3","3","3"
"769","3.00390625","3.00390625","3.00390625"
"770","3.0078125","3.0078125","3.0078125"
"771","3.01171875","3.01171875","3.01171875"
"772","3.015625","3.015625","3.015625"
"773","3.01953125","3.01953125","3.01953125"
"774","3.0234375","3.0234375","3.0234375"
"775","3.02734375","3.02734375","3.02734375"
"776","3.03125","3.03125","3.03125"
"777","3.03515625","3.03515625","3.03515625"
"778","3.0390625","3.0390625","3.0390625"
"779","3.04296875","3.04296875","3.04296875"
"780","3.046875","3.046875","3.046875"
"781","3.05078125","3.05078125","3.05078125"
"782","3.0546875","3.0546875","3.0546875"
"783","3.05859375","3.05859375","3.05859375"
"784","3.0625","3.0625","3.0625"
"785","3.06640625","3.06640625","3.06640625"
"786","3.0703125","3.0703125","3.0703125"
"787","3.07421875","3.07421875","3.07421875"
"788","3.078125","3.078125","3.078125"
"789","3.08203125","3.08203125","3.08203125"
"790","3.0859375","3.0859375","3.0859375"
"791","3.08984375","3.08984375","3.08984375"
"792","3.09375","3.09375","3.09375"
"793","3.09765625","3.09765625","3.09765625"
"794","3.1015625","3.1015625","3.1015625"
"795","3.10546875","3.10546875","3.10546875"
"796","3.109375","3.109375","3.109375"
"797","3.11328125","3.11328125","3.11328125"
"798","3.1171875","3.1171875","3.1171875"
"799","3.12109375","3.12109375","3.12109375"
"800","3.125","3.125","3.125"
"801","3.12890625","3.12890625","3.12890625"
"802","3.1328125","3.1328125","3.1328125"
"803","3.13671875","3.13671875","3.13671875"
"804","3.140625","3.140625","3.140625"
"805","3.14453125","3.14453125","3.14453125"
"806","3.1484375","3.1484375","3.1484375"
"807","3.15234375","3.15234375","3.15234375"
"808","3.15625","3.15625","3.15625"
"809","3.16015625","3.16015625","3.16015625"
"810","3.1640625","3.1640625","3.1640625"
"811","3.16796875","3.16796875","3.16796875"
"812","3.171875","3.171875","3.171875"
"813","3.17578125","3.17578125","3.17578125"
"814","3.1796875","3.1796875","3.1796875"
"815","3.18359375","3.18359375","3.18359375"
"816","3.1875","3.1875","3.1875"
"817","3.19140625","3.19140625","3.19140625"
"818","3.1953125","3.1953125","3.1953125"
"819","3.19921875","3.19921875","3.19921875"
"820","3.203125","3.203125","3.203125"
"821","3.20703125","3.20703125","3.20703125"
"822","3.2109375","3.2109375","3.2109375"
"823","3.21484375","3.21484375","3.21484375"
"824","3.21875","3.21875","3.21875"
"825","3.22265625","3.22265625","3.22265625"
"826","3.2265625","3.2265625","3.2265625"
"827","3.23046875","3.23046875","3.23046875"
"828","3.234375","3.234375","3.234375"
"829","3.23828125","3.23828125","3.23828125"
"830","3.2421875","3.2421875","3.2421875"
"831","3.24609375","3.24609375","3.24609375"
"832","3.25","3.25","3.25"
"833","3.25390625","3.25390625","3.25390625"
"834","3.2578125","3.2578125","3.2578125"
"835","3.26171875","3.26171875","3.26171875"
"836","3.265625","3.265625","3.265625"
"837","3.26953125","3.26953125","3.26953125"
"838","3.2734375","3.2734375","3.2734375"
"839","3.27734375","3.27734375","3.27734375"
"840","3.28125","3.28125","3.28125"
"841","3.28515625","3.28515625","3.28515625"
"842","3.2890625","3.2890625","3.2890625"
"843","3.29296875","3.29296875","3.29296875"
"844","3.296875","3.296875","3.296875"
"845","3.30078125","3.30078125","3.30078125"
"846","3.3046875","3.3046875","3.3046875"
"847","3.30859375","3.30859375","3.30859375"
"848","3.3125","3.3125","3.3125"
"849","3.31640625","3.31640625","3.31640625"
"850","3.3203125","3.3203125","3.3203125"
"851","3.32421875","3.32421875","3.32421875"
"852","3.328125","3.328125","3.328125"
"853","3.33203125","3.33203125","3.33203125"
"854","3.3359375","3.3359375","3.3359375"
"855","3.33984375","3.33984375","3.33984375"
"856","3.34375","3.34375","3.34375"
"857","3.34765625","3.34765625","3.34765625"
"858","3.3515625","3.3515625","3.3515625"
"859","3.35546875","3.35546875","3.35546875"
"860","3.359375","3.359375","3.359375"
"861","3.36328125","3.36328125","3.36328125"
"862","3.3671875","3.3671875","3.3671875"
"863","3.37109375","3.37109375","3.37109375"
"864","3.375","3.375","3.375"
"865","3.37890625","3.37890625","3.37890625"
"866","3.3828125","3.3828125","3.3828125"
"867","3.38671875","3.38671875","3.38671875"
"868","3.390625","3.390625","3.390625"
"869","3.39453125","3.39453125","3.39453125"
"870","3.3984375","3.3984375","3.3984375"
"871","3.40234375","3.40234375","3.40234375"
"872","3.40625","3.40625","3.40625"
"873","3.41015625","3.41015625","3.41015625"
"874","3.4140625","3.4140625","3.4140625"
"875","3.41796875","3.41796875","3.41796875"
"876","3.421875","3.421875","3.421875"
"877","3.42578125","3.42578125","3.42578125"
"878","3.4296875","3.4296875","3.4296875"
"879","3.43359375","3.43359375","3.43359375"
"880","3.4375","3.4375","3.4375"
"881","3.44140625","3.44140625","3.44140625"
"882","3.4453125","3.4453125","3.4453125"
"883","3.44921875","3.44921875","3.44921875"
"884","3.453125","3.453125","3.453125"
"885","3.45703125","3.45703125","3.45703125"
"886","3.4609375","3.4609375","3.4609375"
"887","3.46484375","3.46484375","3.46484375"
"888","3.46875","3.46875","3.46875"
"889","3.47265625","3.47265625","3.47265625"
"890","3.4765625","3.4765625","3.4765625"
"891","3.48046875","3.48046875","3.48046875"
"892","3.484375","3.484375","3.484375"
"893","3.48828125","3.48828125","3.48828125"
"894","3.4921875","3.4921875","3.4921875"
"895","3.49609375","3.49609375","3.49609375"
"896","3.5","3.5","3.5"
"897","3.50390625","3.50390625","3.50390625"
"898","3.5078125","3.5078125","3.5078125"
"899","3.51171875","3.51171875","3.51171875"
"900","3.515625","3.515625","3.515625"
"901","3.51953125","3.51953125","3.51953125"
"902","3.5234375","3.5234375","3.5234375"
"903","3.52734375","3.52734375","3.52734375"
"904","3.53125","3.53125","3.53125"
"905","3.53515625","3.53515625","3.53515625"
"906","3.5390625","3.5390625","3.5390625"
"907","3.54296875","3.54296875","3.54296875"
"908","3.546875","3.546875","3.546875"
"909","3.55078125","3.55078125","3.55078125"
"910","3.5546875","3.5546875","3.5546875"
"911","3.55859375","3.55859375","3.55859375"
"912","3.5625","3.5625","3.5625"
"913","3.56640625","3.56640625","3.56640625"
"914","3.5703125","3.5703125","3.5703125"
"915","3.57421875","3.57421875","3.57421875"
"916","3.578125","3.578125","3.578125"
"917","3.58203125","3.58203125","3.58203125"
"918","3.5859375","3.5859375","3.5859375"
"919","3.58984375","3.58984375","3.58984375"
"920","3.59375","3.59375","3.59375"
"921","3.59765625","3.59765625","3.59765625"
"922","3.6015625","3.6015625","3.6015625"
"923","3.60546875","3.60546875","3.60546875"
"924","3.609375","3.609375","3.609375"
"925","3.61328125","3.61328125","3.61328125"
"926","3.6171875","3.6171875","3.6171875"
"927","3.62109375","3.62109375","3.62109375"
"928","3.625","3.625","3.625"
"929","3.62890625","3.62890625","3.62890625"
"930","3.6328125","3.6328125","3.6328125"
"931","3.63671875","3.63671875","3.63671875"
"932","3.640625","3.640625","3.640625"
"933","3.64453125","3.64453125","3.64453125"
"934","3.6484375","3.6484375","3.6484375"
"935","3.65234375","3.65234375","3.65234375"
"936","3.65625","3.65625","3.65625"
"937","3.66015625","3.66015625","3.66015625"
"938","3.6640625","3.6640625","3.6640625"
"939","3.66796875","3.66796875","3.66796875"
"940","3.671875","3.671875","3.671875"
"941","3.67578125","3.67578125","3.67578125"
"942","3.6796875","3.6796875","3.6796875"
"943","3.68359375","3.68359375","3.68359375"
"944","3.6875","3.6875","3.6875"
"945","3.69140625","3.69140625","3.69140625"
"946","3.6953125","3.6953125","3.6953125"
"947","3.69921875","3.69921875","3.69921875"
"948","3.703125","3.703125","3.703125"
"949","3.70703125","3.70703125","3.70703125"
"950","3.7109375","3.7109375","3.7109375"
"951","3.71484375","3.71484375","3.71484375"
"952","3.71875","3.71875","3.71875"
"953","3.72265625","3.72265625","3.72265625"
"954","3.7265625","3.7265625","3.7265625"
"955","3.73046875","3.73046875","3.73046875"
"956","3.734375","3.734375","3.734375"
"957","3.73828125","3.73828125","3.73828125"
"958","3.7421875","3.7421875","3.7421875"
"959","3.74609375","3.74609375","3.74609375"
"960","3.75","3.75","3.75"
"961","3.75390625","3.75390625","3.75390625"
"962","3.7578125","3.7578125","3.7578125"
"963","3.76171875","3.76171875","3.76171875"
"964","3.765625","3.765625","3.765625"
"965","3.76953125","3.76953125","3.76953125"
"966","3.7734375","3.7734375","3.7734375"
"967","3.77734375","3.77734375","3.77734375"
"968","3.78125","3.78125","3.78125"
"969","3.78515625","3.78515625","3.78515625"
"970","3.7890625","3.7890625","3.7890625"
"971","3.79296875","3.79296875","3.79296875"
"972","3.796875","3.796875","3.796875"
"973","3.80078125","3.80078125","3.80078125"
"974","3.8046875","3.8046875","3.8046875"
"975","3.80859375","3.80859375","3.80859375"
"976","3.8125","3.8125","3.8125"
"977","3.81640625","3.81640625","3.81640625"
"978","3.8203125","3.8203125","3.8203125"
"979","3.82421875","3.82421875","3.82421875"
"980","3.828125","3.828125","3.828125"
"981","3.83203125","3.83203125","3.83203125"
"982","3.8359375","3.8359375","3.8359375"
"983","3.83984375","3.83984375","3.83984375"
"984","3.84375","3.84375","3.84375"
"985","3.84765625","3.84765625","3.84765625"
"986","3.8515625","3.8515625","3.8515625"
"987","3.85546875","3.85546875","3.85546875"
"988","3.859375","3.859375","3.859375"
"989","3.86328125","3.86328125","3.86328125"
"990","3.8671875","3.8671875","3.8671875"
"991","3.87109375","3.87109375","3.87109375"
"992","3.875","3.875","3.875"
"993","3.87890625","3.87890625","3.87890625"
"994","3.8828125","3.8828125","3.8828125"
"995","3.88671875","3.88671875","3.88671875"
"996","3.890625","3.890625","3.890625"
"997","3.89453125","3.89453125","3.89453125"
"998","3.8984375","3.8984375","3.8984375"
"999","3.90234375","3.90234375","3.90234375"
"1000","3.90625","3.90625","3.90625"
"1001","3.91015625","3.91015625","3.91015625"
"1002","3.9140625","3.9140625","3.9140625"
"1003","3.91796875","3.91796875","3.91796875"
"1004","3.921875","3.921875","3.921875"
"1005","3.92578125","3.92578125","3.92578125"
"1006","3.9296875","3.9296875","3.9296875"
"1007","3.93359375","3.93359375","3.93359375"
"1008","3.9375","3.9375","3.9375"
"1009","3.94140625","3.94140625","3.94140625"
"1010","3.9453125","3.9453125","3.9453125"
"1011","3.94921875","3.94921875","3.94921875"
"1012","3.953125","3.953125","3.953125"
"1013","3.95703125","3.95703125","3.95703125"
"1014","3.9609375","3.9609375","3.9609375"
"1015","3.96484375","3.96484375","3.96484375"
"1016","3.96875","3.96875","3.96875"
"1017","3.97265625","3.97265625","3.97265625"
"1018","3.9765625","3.9765625","3.9765625"
"1019","3.98046875","3.98046875","3.98046875"
"1020","3.984375","3.984375","3.984375"
"1021","3.98828125","3.98828125","3.98828125"
"1022","3.9921875","3.9921875","3.9921875"
"1023","3.99609375","3.99609375","3.99609375"
"1024","4","4","4"
"1025","4.00390625","4.00390625","4.00390625"
"1026","4.0078125","4.0078125","4.0078125"
"1027","4.01171875","4.01171875","4.01171875"
"1028","4.015625","4.015625","4.015625"
"1029","4.01953125","4.01953125","4.01953125"
"1030","4.0234375","4.0234375","4.0234375"
"1031","4.02734375","4.02734375","4.02734375"
"1032","4.03125","4.03125","4.03125"
"1033","4.03515625","4.03515625","4.03515625"
"1034","4.0390625","4.0390625","4.0390625"
"1035","4.04296875","4.04296875","4.04296875"
"1036","4.046875","4.046875","4.046875"
"1037","4.05078125","4.05078125","4.05078125"
"1038","4.0546875","4.0546875","4.0546875"
"1039","4.05859375","4.05859375","4.05859375"
"1040","4.0625","4.0625","4.0625"
"1041","4.06640625","4.06640625","4.06640625"
"1042","4.0703125","4.0703125","4.0703125"
"1043","4.07421875","4.07421875","4.07421875"
"1044","4.078125","4.078125","4.078125"
"1045","4.08203125","4.08203125","4.08203125"
"1046","4.0859375","4.0859375","4.0859375"
"1047","4.08984375","4.08984375","4.08984375"
"1048","4.09375","4.09375","4.09375"
"1049","4.09765625","4.09765625","4.09765625"
"1050","4.1015625","4.1015625","4.1015625"
"1051","4.10546875","4.10546875","4.10546875"
"1052","4.109375","4.109375","4.109375"
"1053","4.11328125","4.11328125","4.11328125"
"1054","4.1171875","4.1171875","4.1171875"
"1055","4.12109375","4.12109375","4.12109375"
"1056","4.125","4.125","4.125"
"1057","4.12890625","4.12890625","4.12890625"
"1058","4.1328125","4.1328125","4.1328125"
"1059","4.13671875","4.13671875","4.13671875"
"1060","4.140625","4.140625","4.140625"
"1061","4.14453125","4.14453125","4.14453125"
"1062","4.1484375","4.1484375","4.1484375"
"1063","4.15234375","4.15234375","4.15234375"
"1064","4.15625","4.15625","4.15625"
"1065","4.16015625","4.16015625","4.16015625"
"1066","4.1640625","4.1640625","4.1640625"
"1067","4.16796875","4.16796875","4.16796875"
"1068","4.171875","4.171875","4.171875"
"1069","4.17578125","4.17578125","4.17578125"
"1070","4.1796875","4.1796875","4.1796875"
"1071","4.18359375","4.18359375","4.18359375"
"1072","4.1875","4.1875","4.1875"
"1073","4.19140625","4.19140625","4.19140625"
"1074","4.1953125","4.1953125","4.1953125"
"1075","4.19921875","4.19921875","4.19921875"
"1076","4.203125","4.203125","4.203125"
"1077","4.20703125","4.20703125","4.20703125"
"1078","4.2109375","4.2109375","4.2109375"
"1079","4.21484375","4.21484375","4.21484375"
"1080","4.21875","4.21875","4.21875"
"1081","4.22265625","4.22265625","4.22265625"
"1082","4.2265625","4.2265625","4.2265625"
"1083","4.23046875","4.23046875","4.23046875"
"1084","4.234375","4.234375","4.234375"
"1085","4.23828125","4.23828125","4.23828125"
"1086","4.2421875","4.2421875","4.2421875"
"1087","4.24609375","4.24609375","4.24609375"
"1088","4.25","4.25","4.25"
"1089","4.25390625","4.25390625","4.25390625"
"1090","4.2578125","4.2578125","4.2578125"
"1091","4.26171875","4.26171875","4.26171875"
"1092","4.265625","4.265625","4.265625"
"1093","4.26953125","4.26953125","4.26953125"
"1094","4.2734375","4.2734375","4.2734375"
"1095","4.27734375","4.27734375","4.27734375"
"1096","4.28125","4.28125","4.28125"
"1097","4.28515625","4.28515625","4.28515625"
"1098","4.2890625","4.2890625","4.2890625"
"1099","4.29296875","4.29296875","4.29296875"
"1100","4.296875","4.296875","4.296875"
"1101","4.30078125","4.30078125","4.30078125"
"1102","4.3046875","4.3046875","4.3046875"
"1103","4.30859375","4.30859375","4.30859375"
"1104","4.3125","4.3125","4.3125"
"1105","4.31640625","4.31640625","4.31640625"
"1106","4.3203125","4.3203125","4.3203125"
"1107","4.32421875","4.32421875","4.32421875"
"1108","4.328125","4.328125","4.328125"
"1109","4.33203125","4.33203125","4.33203125"
"1110","4.3359375","4.3359375","4.3359375"
"1111","4.33984375","4.33984375","4.33984375"
"1112","4.34375","4.34375","4.34375"
"1113","4.34765625","4.34765625","4.34765625"
"1114","4.3515625","4.3515625","4.3515625"
"1115","4.35546875","4.35546875","4.35546875"
"1116","4.359375","4.359375","4.359375"
"1117","4.36328125","4.36328125","4.36328125"
"1118","4.3671875","4.3671875","4.3671875"
"1119","4.37109375","4.37109375","4.37109375"
"1120","4.375","4.375","4.375"
"1121","4.37890625","4.37890625","4.37890625"
"1122","4.3828125","4.3828125","4.3828125"
"1123","4.38671875","4.38671875","4.38671875"
"1124","4.390625","4.390625","4.390625"
"1125","4.39453125","4.39453125","4.39453125"
"1126","4.3984375","4.3984375","4.3984375"
"1127","4.40234375","4.40234375","4.40234375"
"1128","4.40625","4.40625","4.40625"
"1129","4.41015625","4.41015625","4.41015625"
"1130","4.4140625","4.4140625","4.4140625"
"1131","4.41796875","4.41796875","4.41796875"
"1132","4.421875","4.421875","4.421875"
"1133","4.42578125","4.42578125","4.42578125"
"1134","4.4296875","4.4296875","4.4296875"
"1135","4.43359375","4.43359375","4.43359375"
"1136","4.4375","4.4375","4.4375"
"1137","4.44140625","4.44140625","4.44140625"
"1138","4.4453125","4.4453125","4.4453125"
"1139","4.44921875","4.44921875","4.44921875"
"1140","4.453125","4.453125","4.453125"
"1141","4.45703125","4.45703125","4.45703125"
"1142","4.4609375","4.4609375","4.4609375"
"1143","4.46484375","4.46484375","4.46484375"
"1144","4.46875","4.46875","4.46875"
"1145","4.47265625","4.47265625","4.47265625"
"1146","4.4765625","4.4765625","4.4765625"
"1147","4.48046875","4.48046875","4.48046875"
"1148","4.484375","4.484375","4.484375"
"1149","4.48828125","4.48828125","4.48828125"
"1150","4.4921875","4.4921875","4.4921875"
"1151","4.49609375","4.49609375","4.49609375"
"1152","4.5","4.5","4.5"
"1153","4.50390625","4.50390625","4.50390625"
"1154","4.5078125","4.5078125","4.5078125"
"1155","4.51171875","4.51171875","4.51171875"
"1156","4.515625","4.515625","4.515625"
"1157","4.51953125","4.51953125","4.51953125"
"1158","4.5234375","4.5234375","4.5234375"
"1159","4.52734375","4.52734375","4.52734375"
"1160","4.53125","4.53125","4.53125"
"1161","4.53515625","4.53515625","4.53515625"
"1162","4.5390625","4.5390625","4.5390625"
"1163","4.54296875","4.54296875","4.54296875"
"1164","4.546875","4.546875","4.546875"
"1165","4.55078125","4.55078125","4.55078125"
"1166","4.5546875","4.5546875","4.5546875"
"1167","4.55859375","4.55859375","4.55859375"
"1168","4.5625","4.5625","4.5625"
"1169","4.56640625","4.56640625","4.56640625"
"1170","4.5703125","4.5703125","4.5703125"
"1171","4.57421875","4.57421875","4.57421875"
"1172","4.578125","4.578125","4.578125"
"1173","4.58203125","4.58203125","4.58203125"
"1174","4.5859375","4.5859375","4.5859375"
"1175","4.58984375","4.58984375","4.58984375"
"1176","4.59375","4.59375","4.59375"
"1177","4.59765625","4.59765625","4.59765625"
"1178","4.6015625","4.6015625","4.6015625"
"1179","4.60546875","4.60546875","4.60546875"
"1180","4.609375","4.609375","4.609375"
"1181","4.61328125","4.61328125","4.61328125"
"1182","4.6171875","4.6171875","4.6171875"
"1183","4.62109375","4.62109375","4.62109375"
"1184","4.625","4.625","4.625"
"1185","4.62890625","4.62890625","4.62890625"
"1186","4.6328125","4.6328125","4.6328125"
"1187","4.63671875","4.63671875","4.63671875"
"1188","4.640625","4.640625","4.640625"
"1189","4.64453125","4.64453125","4.64453125"
"1190","4.6484375","4.6484375","4.6484375"
"1191","4.65234375","4.65234375","4.65234375"
"1192","4.65625","4.65625","4.65625"
"1193","4.66015625","4.66015625","4.66015625"
"1194","4.6640625","4.6640625","4.6640625"
"1195","4.66796875","4.66796875","4.66796875"
"1196","4.671875","4.671875","4.671875"
"1197","4.67578125","4.67578125","4.67578125"
"1198","4.6796875","4.6796875","4.6796875"
"1199","4.68359375","4.68359375","4.68359375"
"1200","4.6875","4.6875","4.6875"
"1201","4.69140625","4.69140625","4.69140625"
"1202","4.6953125","4.6953125","4.6953125"
"1203","4.69921875","4.69921875","4.69921875"
"1204","4.703125","4.703125","4.703125"
"1205","4.70703125","4.70703125","4.70703125"
"1206","4.7109375","4.7109375","4.7109375"
"1207","4.71484375","4.71484375","4.71484375"
"1208","4.71875","4.71875","4.71875"
"1209","4.72265625","4.72265625","4.72265625"
"1210","4.7265625","4.7265625","4.7265625"
"1211","4.73046875","4.73046875","4.73046875"
"1212","4.734375","4.734375","4.734375"
"1213","4.73828125","4.73828125","4.73828125"
"1214","4.7421875","4.7421875","4.7421875"
"1215","4.74609375","4.74609375","4.74609375"
"1216","4.75","4.75","4.75"
"1217","4.75390625","4.75390625","4.75390625"
"1218","4.7578125","4.7578125","4.7578125"
"1219","4.76171875","4.76171875","4.76171875"
"1220","4.765625","4.765625","4.765625"
"1221","4.76953125","4.76953125","4.76953125"
"1222","4.7734375","4.7734375","4.7734375"
"1223","4.77734375","4.77734375","4.77734375"
"1224","4.78125","4.78125","4.78125"
"1225","4.78515625","4.78515625","4.78515625"
"1226","4.7890625","4.7890625","4.7890625"
"1227","4.79296875","4.79296875","4.79296875"
"1228","4.796875","4.796875","4.796875"
"1229","4.80078125","4.80078125","4.80078125"
"1230","4.8046875","4.8046875","4.8046875"
"1231","4.80859375","4.80859375","4.80859375"
"1232","4.8125","4.8125","4.8125"
"1233","4.81640625","4.81640625","4.81640625"
"1234","4.8203125","4.8203125","4.8203125"
"1235","4.82421875","4.82421875","4.82421875"
"1236","4.828125","4.828125","4.828125"
"1237","4.83203125","4.83203125","4.83203125"
"1238","4.8359375","4.8359375","4.8359375"
"1239","4.83984375","4.83984375","4.83984375"
"1240","4.84375","4.84375","4.84375"
"1241","4.84765625","4.84765625","4.84765625"
"1242","4.8515625","4.8515625","4.8515625"
"1243","4.85546875","4.85546875","4.85546875"
"1244","4.859375","4.859375","4.859375"
"1245","4.86328125","4.86328125","4.86328125"
"1246","4.8671875","4.8671875","4.8671875"
"1247","4.87109375","4.87109375","4.87109375"
"1248","4.875","4.875","4.875"
"1249","4.87890625","4.87890625","4.87890625"
"1250","4.8828125","4.8828125","4.8828125"
"1251","4.88671875","4.88671875","4.88671875"
"1252","4.890625","4.890625","4.890625"
"1253","4.89453125","4.89453125","4.89453125"
"1254","4.8984375","4.8984375","4.8984375"
"1255","4.90234375","4.90234375","4.90234375"
"1256","4.90625","4.90625","4.90625"
"1257","4.91015625","4.91015625","4.91015625"
"1258","4.9140625","4.9140625","4.9140625"
"1259","4.91796875","4.91796875","4.91796875"
"1260","4.921875","4.921875","4.921875"
"1261","4.92578125","4.92578125","4.92578125"
"1262","4.9296875","4.9296875","4.9296875"
"1263","4.93359375","4.93359375","4.93359375"
"1264","4.9375","4.9375","4.9375"
"1265","4.94140625","4.94140625","4.94140625"
"1266","4.9453125","4.9453125","4.9453125"
"1267","4.94921875","4.94921875","4.94921875"
"1268","4.953125","4.953125","4.953125"
"1269","4.95703125","4.95703125","4.95703125"
"1270","4.9609375","4.9609375","4.9609375"
"1271","4.96484375","4.96484375","4.96484375"
"1272","4.96875","4.96875","4.96875"
"1273","4.97265625","4.97265625","4.97265625"
"1274","4.9765625","4.9765625","4.9765625"
"1275","4.98046875","4.98046875","4.98046875"
"1276","4.984375","4.984375","4.984375"
"1277","4.98828125","4.98828125","4.98828125"
"1278","4.9921875","4.9921875","4.9921875"
"1279","4.99609375","4.99609375","4.99609375"
"1280","5","5","5"
"1281","5.00390625","5.00390625","5.00390625"
"1282","5.0078125","5.0078125","5.0078125"
"1283","5.01171875","5.01171875","5.01171875"
"1284","5.015625","5.015625","5.015625"
"1285","5.01953125","5.01953125","5.01953125"
"1286","5.0234375","5.0234375","5.0234375"
"1287","5.02734375","5.02734375","5.02734375"
"1288","5.03125","5.03125","5.03125"
"1289","5.03515625","5.03515625","5.03515625"
"1290","5.0390625","5.0390625","5.0390625"
"1291","5.04296875","5.04296875","5.04296875"
"1292","5.046875","5.046875","5.046875"
"1293","5.05078125","5.05078125","5.05078125"
"1294","5.0546875","5.0546875","5.0546875"
"1295","5.05859375","5.05859375","5.05859375"
"1296","5.0625","5.0625","5.0625"
"1297","5.06640625","5.06640625","5.06640625"
"1298","5.0703125","5.0703125","5.0703125"
"1299","5.07421875","5.07421875","5.07421875"
"1300","5.078125","5.078125","5.078125"
"1301","5.08203125","5.08203125","5.08203125"
"1302","5.0859375","5.0859375","5.0859375"
"1303","5.08984375","5.08984375","5.08984375"
"1304","5.09375","5.09375","5.09375"
"1305","5.09765625","5.09765625","5.09765625"
"1306","5.1015625","5.1015625","5.1015625"
"1307","5.10546875","5.10546875","5.10546875"
"1308","5.109375","5.109375","5.109375"
"1309","5.11328125","5.11328125","5.11328125"
"1310","5.1171875","5.1171875","5.1171875"
"1311","5.12109375","5.12109375","5.12109375"
"1312","5.125","5.125","5.125"
"1313","5.12890625","5.12890625","5.12890625"
"1314","5.1328125","5.1328125","5.1328125"
"1315","5.13671875","5.13671875","5.13671875"
"1316","5.140625","5.140625","5.140625"
"1317","5.14453125","5.14453125","5.14453125"
"1318","5.1484375","5.1484375","5.1484375"
"1319","5.15234375","5.15234375","5.15234375"
"1320","5.15625","5.15625","5.15625"
"1321","5.16015625","5.16015625","5.16015625"
"1322","5.1640625","5.1640625","5.1640625"
"1323","5.16796875","5.16796875","5.16796875"
"1324","5.171875","5.171875","5.171875"
"1325","5.17578125","5.17578125","5.17578125"
"1326","5.1796875","5.1796875","5.1796875"
"1327","5.18359375","5.18359375","5.18359375"
"1328","5.1875","5.1875","5.1875"
"1329","5.19140625","5.19140625","5.19140625"
"1330","5.1953125","5.1953125","5.1953125"
"1331","5.19921875","5.19921875","5.19921875"
"1332","5.203125","5.203125","5.203125"
"1333","5.20703125","5.20703125","5.20703125"
"1334","5.2109375","5.2109375","5.2109375"
"1335","5.21484375","5.21484375","5.21484375"
"1336","5.21875","5.21875","5.21875"
"1337","5.22265625","5.22265625","5.22265625"
"1338","5.2265625","5.2265625","5.2265625"
"1339","5.23046875","5.23046875","5.23046875"
"1340","5.234375","5.234375","5.234375"
"1341","5.23828125","5.23828125","5.23828125"
"1342","5.2421875","5.2421875","5.2421875"
"1343","5.24609375","5.24609375","5.24609375"
"1344","5.25","5.25","5.25"
"1345","5.25390625","5.25390625","5.25390625"
"1346","5.2578125","5.2578125","5.2578125"
"1347","5.26171875","5.26171875","5.26171875"
"1348","5.265625","5.265625","5.265625"
"1349","5.26953125","5.26953125","5.26953125"
"1350","5.2734375","5.2734375","5.2734375"
"1351","5.27734375","5.27734375","5.27734375"
"1352","5.28125","5.28125","5.28125"
"1353","5.28515625","5.28515625","5.28515625"
"1354","5.2890625","5.2890625","5.2890625"
"1355","5.29296875","5.29296875","5.29296875"
"1356","5.296875","5.296875","5.296875"
"1357","5.30078125","5.30078125","5.30078125"
"1358","5.3046875","5.3046875","5.3046875"
"1359","5.30859375","5.30859375","5.30859375"
"1360","5.3125","5.3125","5.3125"
"1361","5.31640625","5.31640625","5.31640625"
"1362","5.3203125","5.3203125","5.3203125"
"1363","5.32421875","5.32421875","5.32421875"
"1364","5.328125","5.328125","5.328125"
"1365","5.33203125","5.33203125","5.33203125"
"1366","5.3359375","5.3359375","5.3359375"
"1367","5.33984375","5.33984375","5.33984375"
"1368","5.34375","5.34375","5.34375"
"1369","5.34765625","5.34765625","5.34765625"
"1370","5.3515625","5.3515625","5.3515625"
"1371","5.35546875","5.35546875","5.35546875"
"1372","5.359375","5.359375","5.359375"
"1373","5.36328125","5.36328125","5.36328125"
"1374","5.3671875","5.3671875","5.3671875"
"1375","5.37109375","5.37109375","5.37109375"
"1376","5.375","5.375","5.375"
"1377","5.37890625","5.37890625","5.37890625"
"1378","5.3828125","5.3828125","5.3828125"
"1379","5.38671875","5.38671875","5.38671875"
"1380","5.390625","5.390625","5.390625"
"1381","5.39453125","5.39453125","5.39453125"
"1382","5.3984375","5.3984375","5.3984375"
"1383","5.40234375","5.40234375","5.40234375"
"1384","5.40625","5.40625","5.40625"
"1385","5.41015625","5.41015625","5.41015625"
"1386","5.4140625","5.4140625","5.4140625"
"1387","5.41796875","5.41796875","5.41796875"
"1388","5.421875","5.421875","5.421875"
"1389","5.42578125","5.42578125","5.42578125"
"1390","5.4296875","5.4296875","5.4296875"
"1391","5.43359375","5.43359375","5.43359375"
"1392","5.4375","5.4375","5.4375"
"1393","5.44140625","5.44140625","5.44140625"
"1394","5.4453125","5.4453125","5.4453125"
"1395","5.44921875","5.44921875","5.44921875"
"1396","5.453125","5.453125","5.453125"
"1397","5.45703125","5.45703125","5.45703125"
"1398","5.4609375","5.4609375","5.4609375"
"1399","5.46484375","5.46484375","5.46484375"
"1400","5.46875","5.46875","5.46875"
"1401","5.47265625","5.47265625","5.47265625"
"1402","5.4765625","5.4765625","5.4765625"
"1403","5.48046875","5.48046875","5.48046875"
"1404","5.484375","5.484375","5.484375"
"1405","5.48828125","5.48828125","5.48828125"
"1406","5.4921875","5.4921875","5.4921875"
"1407","5.49609375","5.49609375","5.49609375"
"1408","5.5","5.5","5.5"
"1409","5.50390625","5.50390625","5.50390625"
"1410","5.5078125","5.5078125","5.5078125"
"1411","5.51171875","5.51171875","5.51171875"
"1412","5.515625","5.515625","5.515625"
"1413","5.51953125","5.51953125","5.51953125"
"1414","5.5234375","5.5234375","5.5234375"
"1415","5.52734375","5.52734375","5.52734375"
"1416","5.53125","5.53125","5.53125"
"1417","5.53515625","5.53515625","5.53515625"
"1418","5.5390625","5.5390625","5.5390625"
"1419","5.54296875","5.54296875","5.54296875"
"1420","5.546875","5.546875","5.546875"
"1421","5.55078125","5.55078125","5.55078125"
"1422","5.5546875","5.5546875","5.5546875"
"1423","5.55859375","5.55859375","5.55859375"
"1424","5.5625","5.5625","5.5625"
"1425","5.56640625","5.56640625","5.56640625"
"1426","5.5703125","5.5703125","5.5703125"
"1427","5.57421875","5.57421875","5.57421875"
"1428","5.578125","5.578125","5.578125"
"1429","5.58203125","5.58203125","5.58203125"
"1430","5.5859375","5.5859375","5.5859375"
"1431","5.58984375","5.58984375","5.58984375"
"1432","5.59375","5.59375","5.59375"
"1433","5.59765625","5.59765625","5.59765625"
"1434","5.6015625","5.6015625","5.6015625"
"1435","5.60546875","5.60546875","5.60546875"
"1436","5.609375","5.609375","5.609375"
"1437","5.61328125","5.61328125","5.61328125"
"1438","5.6171875","5.6171875","5.6171875"
"1439","5.62109375","5.62109375","5.62109375"
"1440","5.625","5.625","5.625"
"1441","5.62890625","5.62890625","5.62890625"
"1442","5.6328125","5.6328125","5.6328125"
"1443","5.63671875","5.63671875","5.63671875"
"1444","5.640625","5.640625","5.640625"
"1445","5.64453125","5.64453125","5.64453125"
"1446","5.6484375","5.6484375","5.6484375"
"1447","5.65234375","5.65234375","5.65234375"
"1448","5.65625","5.65625","5.65625"
"1449","5.66015625","5.66015625","5.66015625"
"1450","5.6640625","5.6640625","5.6640625"
"1451","5.66796875","5.66796875","5.66796875"
"1452","5.671875","5.671875","5.671875"
"1453","5.67578125","5.67578125","5.67578125"
"1454","5.6796875","5.6796875","5.6796875"
"1455","5.68359375","5.68359375","5.68359375"
"1456","5.6875","5.6875","5.6875"
"1457","5.69140625","5.69140625","5.69140625"
"1458","5.6953125","5.6953125","5.6953125"
"1459","5.69921875","5.69921875","5.69921875"
"1460","5.703125","5.703125","5.703125"
"1461","5.70703125","5.70703125","5.70703125"
"1462","5.7109375","5.7109375","5.7109375"
"1463","5.71484375","5.71484375","5.71484375"
"1464","5.71875","5.71875","5.71875"
"1465","5.72265625","5.72265625","5.72265625"
"1466","5.7265625","5.7265625","5.7265625"
"1467","5.73046875","5.73046875","5.73046875"
"1468","5.734375","5.734375","5.734375"
"1469","5.73828125","5.73828125","5.73828125"
"1470","5.7421875","5.7421875","5.7421875"
"1471","5.74609375","5.74609375","5.74609375"
"1472","5.75","5.75","5.75"
"1473","5.75390625","5.75390625","5.75390625"
"1474","5.7578125","5.7578125","5.7578125"
"1475","5.76171875","5.76171875","5.76171875"
"1476","5.765625","5.765625","5.765625"
"1477","5.76953125","5.76953125","5.76953125"
"1478","5.7734375","5.7734375","5.7734375"
"1479","5.77734375","5.77734375","5.77734375"
"1480","5.78125","5.78125","5.78125"
"1481","5.78515625","5.78515625","5.78515625"
"1482","5.7890625","5.7890625","5.7890625"
"1483","5.79296875","5.79296875","5.79296875"
"1484","5.796875","5.796875","5.796875"
"1485","5.80078125","5.80078125","5.80078125"
"1486","5.8046875","5.8046875","5.8046875"
"1487","5.80859375","5.80859375","5.80859375"
"1488","5.8125","5.8125","5.8125"
"1489","5.81640625","5.81640625","5.81640625"
"1490","5.8203125","5.8203125","5.8203125"
"1491","5.82421875","5.82421875","5.82421875"
"1492","5.828125","5.828125","5.828125"
"1493","5.83203125","5.83203125","5.83203125"
"1494","5.8359375","5.8359375","5.8359375"
"1495","5.83984375","5.83984375","5.83984375"
"1496","5.84375","5.84375","5.84375"
"1497","5.84765625","5.84765625","5.84765625"
"1498","5.8515625","5.8515625","5.8515625"
"1499","5.85546875","5.85546875","5.85546875"
"1500","5.859375","5.859375","5.859375"
"1501","5.86328125","5.86328125","5.86328125"
"1502","5.8671875","5.8671875","5.8671875"
"1503","5.87109375","5.87109375","5.87109375"
"1504","5.875","5.875","5.875"
"1505","5.87890625","5.87890625","5.87890625"
"1506","5.8828125","5.8828125","5.8828125"
"1507","5.88671875","5.88671875","5.88671875"
"1508","5.890625","5.890625","5.890625"
"1509","5.89453125","5.89453125","5.89453125"
"1510","5.8984375","5.8984375","5.8984375"
"1511","5.90234375","5.90234375","5.90234375"
"1512","5.90625","5.90625","5.90625"
"1513","5.91015625","5.91015625","5.91015625"
"1514","5.9140625","5.9140625","5.9140625"
"1515","5.91796875","5.91796875","5.91796875"
"1516","5.921875","5.921875","5.921875"
"1517","5.92578125","5.92578125","5.92578125"
"1518","5.9296875","5.9296875","5.9296875"
"1519","5.93359375","5.93359375","5.93359375"
"1520","5.9375","5.9375","5.9375"
"1521","5.94140625","5.94140625","5.94140625"
"1522","5.9453125","5.9453125","5.9453125"
"1523","5.94921875","5.94921875","5.94921875"
"1524","5.953125","5.953125","5.953125"
"1525","5.95703125","5.95703125","5.95703125"
"1526","5.9609375","5.9609375","5.9609375"
"1527","5.96484375","5.96484375","5.96484375"
"1528","5.96875","5.96875","5.96875"
"1529","5.97265625","5.97265625","5.97265625"
"1530","5.9765625","5.9765625","5.9765625"
"1531","5.98046875","5.98046875","5.98046875"
"1532","5.984375","5.984375","5.984375"
"1533","5.98828125","5.98828125","5.98828125"
"1534","5.9921875","5.9921875","5.9921875"
"1535","5.99609375","5.99609375","5.99609375"
"1536","6","6","6"
"1537","6.00390625","6.00390625","6.00390625"
"1538","6.0078125","6.0078125","6.0078125"
"1539","6.01171875","6.01171875","6.01171875"
"1540","6.015625","6.015625","6.015625"
"1541","6.01953125","6.01953125","6.01953125"
"1542","6.0234375","6.0234375","6.0234375"
"1543","6.02734375","6.02734375","6.02734375"
"1544","6.03125","6.03125","6.03125"
"1545","6.03515625","6.03515625","6.03515625"
"1546","6.0390625","6.0390625","6.0390625"
"1547","6.04296875","6.04296875","6.04296875"
"1548","6.046875","6.046875","6.046875"
"1549","6.05078125","6.05078125","6.05078125"
"1550","6.0546875","6.0546875","6.0546875"
"1551","6.05859375","6.05859375","6.05859375"
"1552","6.0625","6.0625","6.0625"
"1553","6.06640625","6.06640625","6.06640625"
"1554","6.0703125","6.0703125","6.0703125"
"1555","6.07421875","6.07421875","6.07421875"
"1556","6.078125","6.078125","6.078125"
"1557","6.08203125","6.08203125","6.08203125"
"1558","6.0859375","6.0859375","6.0859375"
"1559","6.08984375","6.08984375","6.08984375"
"1560","6.09375","6.09375","6.09375"
"1561","6.09765625","6.09765625","6.09765625"
"1562","6.1015625","6.1015625","6.1015625"
"1563","6.10546875","6.10546875","6.10546875"
"1564","6.109375","6.109375","6.109375"
"1565","6.11328125","6.11328125","6.11328125"
"1566","6.1171875","6.1171875","6.1171875"
"1567","6.12109375","6.12109375","6.12109375"
"1568","6.125","6.125","6.125"
"1569","6.12890625","6.12890625","6.12890625"
"1570","6.1328125","6.1328125","6.1328125"
"1571","6.13671875","6.13671875","6.13671875"
"1572","6.140625","6.140625","6.140625"
"1573","6.14453125","6.14453125","6.14453125"
"1574","6.1484375","6.1484375","6.1484375"
"1575","6.15234375","6.15234375","6.15234375"
"1576","6.15625","6.15625","6.15625"
"1577","6.16015625","6.16015625","6.16015625"
"1578","6.1640625","6.1640625","6.1640625"
"1579","6.16796875","6.16796875","6.16796875"
"1580","6.171875","6.171875","6.171875"
"1581","6.17578125","6.17578125","6.17578125"
"1582","6.1796875","6.1796875","6.1796875"
"1583","6.18359375","6.18359375","6.18359375"
"1584","6.1875","6.1875","6.1875"
"1585","6.19140625","6.19140625","6.19140625"
"1586","6.1953125","6.1953125","6.1953125"
"1587","6.19921875","6.19921875","6.19921875"
"1588","6.203125","6.203125","6.203125"
"1589","6.20703125","6.20703125","6.20703125"
"1590","6.2109375","6.2109375","6.2109375"
"1591","6.21484375","6.21484375","6.21484375"
"1592","6.21875","6.21875","6.21875"
"1593","6.22265625","6.22265625","6.22265625"
"1594","6.2265625","6.2265625","6.2265625"
"1595","6.23046875","6.23046875","6.23046875"
"1596","6.234375","6.234375","6.234375"
"1597","6.23828125","6.23828125","6.23828125"
"1598","6.2421875","6.2421875","6.2421875"
"1599","6.24609375","6.24609375","6.24609375"
"1600","6.25","6.25","6.25"
"1601","6.25390625","6.25390625","6.25390625"
"1602","6.2578125","6.2578125","6.2578125"
"1603","6.26171875","6.26171875","6.26171875"
"1604","6.265625","6.265625","6.265625"
"1605","6.26953125","6.26953125","6.26953125"
"1606","6.2734375","6.2734375","6.2734375"
"1607","6.27734375","6.27734375","6.27734375"
"1608","6.28125","6.28125","6.28125"
"1609","6.28515625","6.28515625","6.28515625"
"1610","6.2890625","6.2890625","6.2890625"
"1611","6.29296875","6.29296875","6.29296875"
"1612","6.296875","6.296875","6.296875"
"1613","6.30078125","6.30078125","6.30078125"
"1614","6.3046875","6.3046875","6.3046875"
"1615","6.30859375","6.30859375","6.30859375"
"1616","6.3125","6.3125","6.3125"
"1617","6.31640625","6.31640625","6.31640625"
"1618","6.3203125","6.3203125","6.3203125"
"1619","6.32421875","6.32421875","6.32421875"
"1620","6.328125","6.328125","6.328125"
"1621","6.33203125","6.33203125","6.33203125"
"1622","6.3359375","6.3359375","6.3359375"
"1623","6.33984375","6.33984375","6.33984375"
"1624","6.34375","6.34375","6.34375"
"1625","6.34765625","6.34765625","6.34765625"
"1626","6.3515625","6.3515625","6.3515625"
"1627","6.35546875","6.35546875","6.35546875"
"1628","6.359375","6.359375","6.359375"
"1629","6.36328125","6.36328125","6.36328125"
"1630","6.3671875","6.3671875","6.3671875"
"1631","6.37109375","6.37109375","6.37109375"
"1632","6.375","6.375","6.375"
"1633","6.37890625","6.37890625","6.37890625"
"1634","6.3828125","6.3828125","6.3828125"
"1635","6.38671875","6.38671875","6.38671875"
"1636","6.390625","6.390625","6.390625"
"1637","6.39453125","6.39453125","6.39453125"
"1638","6.3984375","6.3984375","6.3984375"
"1639","6.40234375","6.40234375","6.40234375"
"1640","6.40625","6.40625","6.40625"
"1641","6.41015625","6.41015625","6.41015625"
"1642","6.4140625","6.4140625","6.4140625"
"1643","6.41796875","6.41796875","6.41796875"
"1644","6.421875","6.421875","6.421875"
"1645","6.42578125","6.42578125","6.42578125"
"1646","6.4296875","6.4296875","6.4296875"
"1647","6.43359375","6.43359375","6.43359375"
"1648","6.4375","6.4375","6.4375"
"1649","6.44140625","6.44140625","6.44140625"
"1650","6.4453125","6.4453125","6.4453125"
"1651","6.44921875","6.44921875","6.44921875"
"1652","6.453125","6.453125","6.453125"
"1653","6.45703125","6.45703125","6.45703125"
"1654","6.4609375","6.4609375","6.4609375"
"1655","6.46484375","6.46484375","6.46484375"
"1656","6.46875","6.46875","6.46875"
"1657","6.47265625","6.47265625","6.47265625"
"1658","6.4765625","6.4765625","6.4765625"
"1659","6.48046875","6.48046875","6.48046875"
"1660","6.484375","6.484375","6.484375"
"1661","6.48828125","6.48828125","6.48828125"
"1662","6.4921875","6.4921875","6.4921875"
"1663","6.49609375","6.49609375","6.49609375"
"1664","6.5","6.5","6.5"
"1665","6.50390625","6.50390625","6.50390625"
"1666","6.5078125","6.5078125","6.5078125"
"1667","6.51171875","6.51171875","6.51171875"
"1668","6.515625","6.515625","6.515625"
"1669","6.51953125","6.51953125","6.51953125"
"1670","6.5234375","6.5234375","6.5234375"
"1671","6.52734375","6.52734375","6.52734375"
"1672","6.53125","6.53125","6.53125"
"1673","6.53515625","6.53515625","6.53515625"
"1674","6.5390625","6.5390625","6.5390625"
"1675","6.54296875","6.54296875","6.54296875"
"1676","6.546875","6.546875","6.546875"
"1677","6.55078125","6.55078125","6.55078125"
"1678","6.5546875","6.5546875","6.5546875"
"1679","6.55859375","6.55859375","6.55859375"
"1680","6.5625","6.5625","6.5625"
"1681","6.56640625","6.56640625","6.56640625"
"1682","6.5703125","6.5703125","6.5703125"
"1683","6.57421875","6.57421875","6.57421875"
"1684","6.578125","6.578125","6.578125"
"1685","6.58203125","6.58203125","6.58203125"
"1686","6.5859375","6.5859375","6.5859375"
"1687","6.58984375","6.58984375","6.58984375"
"1688","6.59375","6.59375","6.59375"
"1689","6.59765625","6.59765625","6.59765625"
"1690","6.6015625","6.6015625","6.6015625"
"1691","6.60546875","6.60546875","6.60546875"
"1692","6.609375","6.609375","6.609375"
"1693","6.61328125","6.61328125","6.61328125"
"1694","6.6171875","6.6171875","6.6171875"
"1695","6.62109375","6.62109375","6.62109375"
"1696","6.625","6.625","6.625"
"1697","6.62890625","6.62890625","6.62890625"
"1698","6.6328125","6.6328125","6.6328125"
"1699","6.63671875","6.63671875","6.63671875"
"1700","6.640625","6.640625","6.640625"
"1701","6.64453125","6.64453125","6.64453125"
"1702","6.6484375","6.6484375","6.6484375"
"1703","6.65234375","6.65234375","6.65234375"
"1704","6.65625","6.65625","6.65625"
"1705","6.66015625","6.66015625","6.66015625"
"1706","6.6640625","6.6640625","6.6640625"
"1707","6.66796875","6.66796875","6.66796875"
"1708","6.671875","6.671875","6.671875"
"1709","6.67578125","6.67578125","6.67578125"
"1710","6.6796875","6.6796875","6.6796875"
"1711","6.68359375","6.68359375","6.68359375"
"1712","6.6875","6.6875","6.6875"
"1713","6.69140625","6.69140625","6.69140625"
"1714","6.6953125","6.6953125","6.6953125"
"1715","6.69921875","6.69921875","6.69921875"
"1716","6.703125","6.703125","6.703125"
"1717","6.70703125","6.70703125","6.70703125"
"1718","6.7109375","6.7109375","6.7109375"
"1719","6.71484375","6.71484375","6.71484375"
"1720","6.71875","6.71875","6.71875"
"1721","6.72265625","6.72265625","6.72265625"
"1722","6.7265625","6.7265625","6.7265625"
"1723","6.73046875","6.73046875","6.73046875"
"1724","6.734375","6.734375","6.734375"
"1725","6.73828125","6.73828125","6.73828125"
"1726","6.7421875","6.7421875","6.7421875"
"1727","6.74609375","6.74609375","6.74609375"
"1728","6.75","6.75","6.75"
"1729","6.75390625","6.75390625","6.75390625"
"1730","6.7578125","6.7578125","6.7578125"
"1731","6.76171875","6.76171875","6.76171875"
"1732","6.765625","6.765625","6.765625"
"1733","6.76953125","6.76953125","6.76953125"
"1734","6.7734375","6.7734375","6.7734375"
"1735","6.77734375","6.77734375","6.77734375"
"1736","6.78125","6.78125","6.78125"
"1737","6.78515625","6.78515625","6.78515625"
"1738","6.7890625","6.7890625","6.7890625"
"1739","6.79296875","6.79296875","6.79296875"
"1740","6.796875","6.796875","6.796875"
"1741","6.80078125","6.80078125","6.80078125"
"1742","6.8046875","6.8046875","6.8046875"
"1743","6.80859375","6.80859375","6.80859375"
"1744","6.8125","6.8125","6.8125"
"1745","6.81640625","6.81640625","6.81640625"
"1746","6.8203125","6.8203125","6.8203125"
"1747","6.82421875","6.82421875","6.82421875"
"1748","6.828125","6.828125","6.828125"
"1749","6.83203125","6.83203125","6.83203125"
"1750","6.8359375","6.8359375","6.8359375"
"1751","6.83984375","6.83984375","6.83984375"
"1752","6.84375","6.84375","6.84375"
"1753","6.84765625","6.84765625","6.84765625"
"1754","6.8515625","6.8515625","6.8515625"
"1755","6.85546875","6.85546875","6.85546875"
"1756","6.859375","6.859375","6.859375"
"1757","6.86328125","6.86328125","6.86328125"
"1758","6.8671875","6.8671875","6.8671875"
"1759","6.87109375","6.87109375","6.87109375"
"1760","6.875","6.875","6.875"
"1761","6.87890625","6.87890625","6.87890625"
"1762","6.8828125","6.8828125","6.8828125"
"1763","6.88671875","6.88671875","6.88671875"
"1764","6.890625","6.890625","6.890625"
"1765","6.89453125","6.89453125","6.89453125"
"1766","6.8984375","6.8984375","6.8984375"
"1767","6.90234375","6.90234375","6.90234375"
"1768","6.90625","6.90625","6.90625"
"1769","6.91015625","6.91015625","6.91015625"
"1770","6.9140625","6.9140625","6.9140625"
"1771","6.91796875","6.91796875","6.91796875"
"1772","6.921875","6.921875","6.921875"
"1773","6.92578125","6.92578125","6.92578125"
"1774","6.9296875","6.9296875","6.9296875"
"1775","6.93359375","6.93359375","6.93359375"
"1776","6.9375","6.9375","6.9375"
"1777","6.94140625","6.94140625","6.94140625"
"1778","6.9453125","6.9453125","6.9453125"
"1779","6.94921875","6.94921875","6.94921875"
"1780","6.953125","6.953125","6.953125"
"1781","6.95703125","6.95703125","6.95703125"
"1782","6.9609375","6.9609375","6.9609375"
"1783","6.96484375","6.96484375","6.96484375"
"1784","6.96875","6.96875","6.96875"
"1785","6.97265625","6.97265625","6.97265625"
"1786","6.9765625","6.9765625","6.9765625"
"1787","6.98046875","6.98046875","6.98046875"
"1788","6.984375","6.984375","6.984375"
"1789","6.98828125","6.98828125","6.98828125"
"1790","6.9921875","6.9921875","6.9921875"
"1791","6.99609375","6.99609375","6.99609375"